Normalized,Occurrences,Lemma,POS,NormalizedID,MorphNotes,divine name?,divine name key,persname?,persname gender ,persname type ,persname key,persname link,title?,title type,title key,military?,military key,ethnicon?,ethnicon key,term of relationship?,relationship key,location?,location key,location link,date?,date type,calendar type,occupation?,occupation key,measure?,measure key,object?,object key,religious term?,religious term key,other?,other type,other key
,,,,,,"(y if yes) or historical, mythical, divine",,(y if yes),"(m, f, ?)","(Christian, Jewish, other, ?)",,,(y if yes),"(military, government, religious, honorific)",,,,,,,,,,,,"(month, day, year)",,,,,,,,,,,,
a,masa0941-20,a,X,w-a,,,,,,,,,,,,,,,,,,,,,,,,,,,,,,,,,,
ac,caes0009-2,ac,CCONJ,w-ac,,,,,,,,,,,,,,,,,,,,,,,,,,,,,,,,,,
adiutoribus,caes0682-3,adiutor,NOUN,w-adiutoribus,,,,,,,,,,,,,,,,,,,,,,,,y,adiutor,,,,,,,,,
Aelio,"caes0011-1, caes0353-1, jeru0497-4",aelius,PROPN,w-aelio,,,,y,m,other,Aelius,,,,,,,,,,,,,,,,,,,,,,,,,,,
Aemilia,"masa0750-1, nabl0001-7",aemilius,ADJ,w-aemilia,,,,y,m,other,Aemilius,,,,,,,,,,,,,,,,,,,,,,,,,,,
Aemilius,"masa0750-1, nabl0001-7",aemilius,PROPN,w-aemilius,,,,y,m,other,Aemilius,,,,,,,,,,,,,,,,,,,,,,,,,,,
Africano,"caes0009-17, caes0107-10",africanus,PROPN,w-africano,,,,y,m,other,Africanus,,,,,,,,,,,,,,,,,,,,,,,,,,,
Africanus,"caes0009-17, caes0107-10",africanus,PROPN,w-africanus,,,,y,m,other,Africanus,,,,,,,,,,,,,,,,,,,,,,,,,,,
Africe,jeru0495-6,Africes,PROPN,w-africe,,y,Africe,,,,,,,,,,,,,,,,,,,,,,,,,,,,,,,
Agrippae,"caes0003-3, caes0032-6",agrippa,PROPN,w-agrippae,,,,y,m,other,Agrippa,,,,,,,,,,,,,,,,,,,,,,,,,,,
Agrippam,"caes0003-3, caes0032-6",agrippa,PROPN,w-agrippam,,,,y,m,other,Agrippa,,,,,,,,,,,,,,,,,,,,,,,,,,,
alae,tsha0001-2,aa,NOUN,w-alae,,,,,,,,,,,,y,ala,,,,,,,,,,,,,,,,,,,,,
alam,"unkn0130-29, yotv0001-14",ala,NOUN,w-alam,,,,,,,,,,,,y,ala,,,,,,,,,,,,,,,,,,,,,
Alamannico,maay0001-18,Alamannicus,PROPN,w-alamannico,,,,,,,,,,,,,,y,tribe,,,,,,,,,,,,,,,,,,,
alis,"unkn0130-29, yotv0001-14",ala,NOUN,w-alis,,,,,,,,,,,,y,ala,,,,,,,,,,,,,,,,,,,,,
amico,caes0002-10,amicus,NOUN,w-amico,,,,,,,,,,,,,,,,y,friend,,,,,,,,,,,,,,,,,
Amineum,"masa0796-1, masa0797-2",Amineus,ADJ,w-amineum,,,,,,,,,,,,,,,,,,,,,,,,,,,,y,food,,,,,
Amphorae,masa0826-6,Amphora,PROPN,w-amphorae,,,,,,,,,,,,,,,,,,,,,,,,,,,,y,utensil,,,,,
Anchararius,masa0755-1,Anchararius,PROPN,w-anchararius,,,,y,m,other,Anchararius,,,,,,,,,,,,,,,,,,,,,,,,,,,
Ancharius,"masa0751-1, masa0752-1, masa0753-1, masa0754-1",ancharius,PROPN,w-ancharius,,,,y,m,other,Ancharius,,,,,,,,,,,,,,,,,,,,,,,,,,,
Annius,"masa0756-1, masa0757-1",annius,PROPN,w-annius,,,,y,m,other,Annius,,,,,,,,,,,,,,,,,,,,,,,,,,,
annos,"emma0001-13, emma0001-16, nabl0001-17, nabl0002-8",annus,NOUN,w-annos,,,,,,,,,,,,,,,,,,,,,y,year,,,,,,,,,,,,
Antonini,"bani0003-4, bani0003-7, megi0002-15",Antoninos,PROPN,w-antonini,,,,y,m,other,Antoninus,,,,,,,,,,,,,,,,,,,,,,,,,,,
Antonini,ashk0003a-4,Antoninus,PROPN,w-antonini,,,,y,m,other,Antoninus,,,,,,,,,,,,,,,,,,,,,,,,,,,
Antoniniana,"caes0018-16, jeru0554-25, megi0002-25",Antoniniana,PROPN,w-antoniniana,,,,,,,,,,,,y,unitname,,,,,,,,,,,,,,,,,,,,,
Antoninianae,"caes0018-16, jeru0554-25, megi0002-25",Antoniniana,PROPN,w-antoninianae,,,,,,,,,,,,y,unitname,,,,,,,,,,,,,,,,,,,,,
Antonino,"ashk0003a-14, jeru0497-6, unkn0131-5",antoninus,PROPN,w-antonino,,,,y,m,other,Antoninus,,,,,,,,,,,,,,,,,,,,,,,,,,,
Antoninus,"ashk0003a-14, jeru0497-6, unkn0131-5",antoninus,PROPN,w-antoninus,,,,y,m,other,Antoninus,,,,,,,,,,,,,,,,,,,,,,,,,,,
Antonio,caes0107-4,antonius,PROPN,w-antonio,,,,y,m,other,Antonius,,,,,,,,,,,,,,,,,,,,,,,,,,,
Aphrodilus,caes0164-1,Aphrodilus,PROPN,w-aphrodilus,,,,y,m,other,Aphrodilus,,,,,,,,,,,,,,,,,,,,,,,,,,,
appellantur,unkn0130-35,appello,VERB,w-appellantur,,,,,,,,,,,,,,,,,,,,,,,,,,,,,,,,,,
Arbaeus,caes0009-16,Arbaeus,PROPN,w-arbaeus,,,,y,m,other,Arabaeus,,,,,,,,,,,,,,,,,,,,,,,,,,,
Armeniaca,unkn0130-49,Armeniacus,ADJ,w-armeniaca,,,,,,,,,,,,,,y,Armenian,,,,,,,,,,,,,,,,,,,
Atilio,achz0001-19,atilius,PROPN,w-atilio,,,,y,m,other,Atilius,,,,,,,,,,,,,,,,,,,,,,,,,,,
Aufidius,"caes0014-14, caes0017-14, masa0758-1, masa0759-1",aufidius,PROPN,w-aufidius,,,,y,m,other,Aufidius,,,,,,,,,,,,,,,,,,,,,,,,,,,
Augindai,nabl0002-3,Augindaus,PROPN,w-augindai,,,,y,m,other,Augindaus,,,,,,,,,,,,,,,,,,,,,,,,,,,
augures,caes0123-1,auguris,NOUN,w-augures,,,,,,,,,y,religious,augur,,,,,,,,,,,,,y,augur,,,,,,,,,
auguri,jeru0497-12,augur,NOUN,w-auguri,,,,,,,,,y,religious,augur,,,,,,,,,,,,,y,augur,,,,,,,,,
Augusta,"caes0003-9, caes0024-2, caes0044-4, unkn0130-44",augusta,PROPN,w-augusta,,y,Augustus,y,m,other,Augustus,,y,government,Augustus,y,unitname,,,,,,,,,,,,,,,,,,,,,
Augustae,"caes0003-9, caes0024-2, caes0044-4, unkn0130-44",augusta,PROPN,w-augustae,,y,Augustus,y,m,other,Augustus,,y,government,Augustus,y,unitname,,,,,,,,,,,,,,,,,,,,,
Augustalibus,"caes0122-3, caes0122-7",Augustalis,ADJ,w-augustalibus,,y,,,m,other,Augustalis,,,,,,,,,,,,,,,,,,,,,,,,,,,
Augustalis,"caes0122-3, caes0122-7",Augustalis,PROPN,w-augustalis,,y,,,m,other,Augustalis,,,,,,,,,,,,,,,,,,,,,,,,,,,
Augusti,"achz0001-7, achz0001-22, ashk0003a-18, ashk0003b-15, bani0003-5, bani0003-8, bshe0006-14, caes0002-3, caes0006-9, caes0007-5, caes0009-15, caes0011-6, caes0018-5, caes0020-2, caes0022-3, caes0027-4, caes0031-3, caes0034-4, caes0035-3, caes0045-4, caes0047-5, caes0049-5, caes0051-5, caes0052-5, caes0053-4, caes0054-5, caes0106-9, caes0106-19, caes0107-7, caes0107-13, caes0354-2, cape0001-12, jeru0491-4, jeru0491-9, jeru0491-11, jeru0494-4, jeru0494-9, jeru0494-15, jeru0497-7, jeru0554-12, kara0001-9, kara0001-19, maay0001-17, megi0002-16, tsha0002-12, unkn0130-7, unkn0131-8, yotv0001-4, yotv0001-7",augustus,PROPN,w-augusti,,y,Augustus,y,m,other,Augustus,,y,government,,,,,,,,,,,,,,,,,,,,,,,,
Augustis,"achz0001-7, achz0001-22, ashk0003a-18, ashk0003b-15, bani0003-5, bani0003-8, bshe0006-14, caes0002-3, caes0006-9, caes0007-5, caes0009-15, caes0011-6, caes0018-5, caes0020-2, caes0022-3, caes0027-4, caes0031-3, caes0034-4, caes0035-3, caes0045-4, caes0047-5, caes0049-5, caes0051-5, caes0052-5, caes0053-4, caes0054-5, caes0106-9, caes0106-19, caes0107-7, caes0107-13, caes0354-2, cape0001-12, jeru0491-4, jeru0491-9, jeru0491-11, jeru0494-4, jeru0494-9, jeru0494-15, jeru0497-7, jeru0554-12, kara0001-9, kara0001-19, maay0001-17, megi0002-16, tsha0002-12, unkn0130-7, unkn0131-8, yotv0001-4, yotv0001-7",augustus,PROPN,w-augustis,,y,Augustus,y,m,other,Augustus,,y,government,,,,,,,,,,,,,,,,,,,,,,,,
Augusto,"achz0001-7, achz0001-22, ashk0003a-18, ashk0003b-15, bani0003-5, bani0003-8, bshe0006-14, caes0002-3, caes0006-9, caes0007-5, caes0009-15, caes0011-6, caes0018-5, caes0020-2, caes0022-3, caes0027-4, caes0031-3, caes0034-4, caes0035-3, caes0045-4, caes0047-5, caes0049-5, caes0051-5, caes0052-5, caes0053-4, caes0054-5, caes0106-9, caes0106-19, caes0107-7, caes0107-13, caes0354-2, cape0001-12, jeru0491-4, jeru0491-9, jeru0491-11, jeru0494-4, jeru0494-9, jeru0494-15, jeru0497-7, jeru0554-12, kara0001-9, kara0001-19, maay0001-17, megi0002-16, tsha0002-12, unkn0130-7, unkn0131-8, yotv0001-4, yotv0001-7",augustus,PROPN,w-augusto,,y,Augustus,y,m,other,Augustus,,y,government,,,,,,,,,,,,,,,,,,,,,,,,
Augustus,"achz0001-7, achz0001-22, ashk0003a-18, ashk0003b-15, bani0003-5, bani0003-8, bshe0006-14, caes0002-3, caes0006-9, caes0007-5, caes0009-15, caes0011-6, caes0018-5, caes0020-2, caes0022-3, caes0027-4, caes0031-3, caes0034-4, caes0035-3, caes0045-4, caes0047-5, caes0049-5, caes0051-5, caes0052-5, caes0053-4, caes0054-5, caes0106-9, caes0106-19, caes0107-7, caes0107-13, caes0354-2, cape0001-12, jeru0491-4, jeru0491-9, jeru0491-11, jeru0494-4, jeru0494-9, jeru0494-15, jeru0497-7, jeru0554-12, kara0001-9, kara0001-19, maay0001-17, megi0002-16, tsha0002-12, unkn0130-7, unkn0131-8, yotv0001-4, yotv0001-7",augustus,PROPN,w-augustus,,y,Augustus,y,m,other,Augustus,,y,government,,,,,,,,,,,,,,,,,,,,,,,,
Aureli,megi0002-14,Aurel,PROPN,w-aureli,,,,y,m,other,Aurelius,,,,,,,,,,,,,,,,,,,,,,,,,,,
Aurelio,"ashk0003a-13, ashk0003b-9, caes0007-6, caes0009-9, caes0010-16, unkn0131-4",aurelius,PROPN,w-aurelio,,,,y,m,other,Aurelius,,,,,,,,,,,,,,,,,,,,,,,,,,,
Aurelius,"ashk0003a-13, ashk0003b-9, caes0007-6, caes0009-9, caes0010-16, unkn0131-4",aurelius,PROPN,w-aurelius,,,,y,m,other,Aurelius,,,,,,,,,,,,,,,,,,,,,,,,,,,
Aurreli,"bani0003-3, bani0003-6",Aurrelius,PROPN,w-aurreli,,,,y,m,other,Aurelius,,,,,,,,,,,,,,,,,,,,,,,,,,,
Aurunculeius,caes0002-9,aurunculeius,PROPN,w-aurunculeius,,,,y,m,other,Aurelius,,,,,,,,,,,,,,,,,,,,,,,,,,,
b,masa0941-21,b,X,w-b,,,,,,,,,,,,,,,,,,,,,,,,,,,,,,,,,,
barbarorum,maay0001-11,barbarus,NOUN,w-barbarorum,,,,,,,,,,,,,,y,generic,,,,,,,,,,,,,,,,,,,
Basso,"jeru0494-13, unkn0130-73",bassus,PROPN,w-basso,,,,y,m,other,Bassus,,,,,,,,,,,,,,,,,,,,,,,,,,,
bene,"caes0163-1, nabl0001-23, nabl0002-11",bene,ADV,w-bene,,,,,,,,,,,,,,,,,,,,,,,,,,,,,,,,,,
Boethi,caes0030-2,boethus,PROPN,w-boethi,,,,y,m,other,Boethus,,,,,,,,,,,,,,,,,,,,,,,,,,,
bona,"caes0018-18, caes0037-2, caes0148-3, caes0682-2, fiqg0002-2",bonus,ADJ,w-bona,,,,,,,,,,,,,,,,,,,,,,,,,,,,,,,,,,
Bracaraugustanorum,unkn0130-65,Bracaraugustani,PROPN,w-bracaraugustanorum,,,,,,,,,,,,y,unitname,,,,,,,,,,,,,,,,,,,,,
Britannicus,unkn0131-11,britannicus,PROPN,w-britannicus,,,,,,,,,,,,,,y,British,,,,,,,,,,,,,,,,,,,
Bubasti,megi0002-2,Bubastus,PROPN,w-bubasti,,y,Bubastus,,,,,,,,,,,,,,,,,,,,,,,,,,,,,,,
c,masa0941-22,c,X,w-c,,,,,,,,,,,,,,,,,,,,,,,,,,,,,,,,,,
Caesar,"achz0001-2, ashk0003a-2, ashk0003b-2, bshe0006-6, caes0006-2, caes0014-13, caes0017-13, caes0027-2, caes0047-2, caes0049-2, caes0051-2, caes0052-2, caes0054-2, caes0106-2, caes0106-17, caes0107-2, caes0352-1, caes0528-1, cape0001-2, jeru0491-2, jeru0491-7, jeru0494-2, jeru0494-7, jeru0497-2, jeru0554-2, kara0001-2, masa0795-6, masa0799-1, megi0002-13, tsha0002-2, unkn0130-2, unkn0131-2, yotv0001-13",caesar,PROPN,w-caesar,,,,y,m,other,Caesar,,,,,,,,,,,,,,,,,,,,,,,,,,,
Caesare,"achz0001-2, ashk0003a-2, ashk0003b-2, bshe0006-6, caes0006-2, caes0014-13, caes0017-13, caes0027-2, caes0047-2, caes0049-2, caes0051-2, caes0052-2, caes0054-2, caes0106-2, caes0106-17, caes0107-2, caes0352-1, caes0528-1, cape0001-2, jeru0491-2, jeru0491-7, jeru0494-2, jeru0494-7, jeru0497-2, jeru0554-2, kara0001-2, masa0795-6, masa0799-1, megi0002-13, tsha0002-2, unkn0130-2, unkn0131-2, yotv0001-13",caesar,PROPN,w-caesare,,,,y,m,other,Caesar,,,,,,,,,,,,,,,,,,,,,,,,,,,
Caesarea,"caes0003-10, caes0024-3, caes0044-5",caesarea,PROPN,w-caesarea,,,,,,,,,,,,,,,,,,y,Caesarea,https://pleiades.stoa.org/places/678401,,,,,,,,,,,,,,
Caesareae,"caes0003-10, caes0024-3, caes0044-5",caesarea,PROPN,w-caesareae,,,,,,,,,,,,,,,,,,y,Caesarea,https://pleiades.stoa.org/places/678401,,,,,,,,,,,,,,
Caesares,"achz0001-2, ashk0003a-2, ashk0003b-2, bshe0006-6, caes0006-2, caes0014-13, caes0017-13, caes0027-2, caes0047-2, caes0049-2, caes0051-2, caes0052-2, caes0054-2, caes0106-2, caes0106-17, caes0107-2, caes0352-1, caes0528-1, cape0001-2, jeru0491-2, jeru0491-7, jeru0494-2, jeru0494-7, jeru0497-2, jeru0554-2, kara0001-2, masa0795-6, masa0799-1, megi0002-13, tsha0002-2, unkn0130-2, unkn0131-2, yotv0001-13",caesar,PROPN,w-caesares,,,,y,m,other,Caesar,,,,,,,,,,,,,,,,,,,,,,,,,,,
Caesari,"achz0001-2, ashk0003a-2, ashk0003b-2, bshe0006-6, caes0006-2, caes0014-13, caes0017-13, caes0027-2, caes0047-2, caes0049-2, caes0051-2, caes0052-2, caes0054-2, caes0106-2, caes0106-17, caes0107-2, caes0352-1, caes0528-1, cape0001-2, jeru0491-2, jeru0491-7, jeru0494-2, jeru0494-7, jeru0497-2, jeru0554-2, kara0001-2, masa0795-6, masa0799-1, megi0002-13, tsha0002-2, unkn0130-2, unkn0131-2, yotv0001-13",caesar,PROPN,w-caesari,,,,y,m,other,Caesar,,,,,,,,,,,,,,,,,,,,,,,,,,,
Caesaribus,"achz0001-2, ashk0003a-2, ashk0003b-2, bshe0006-6, caes0006-2, caes0014-13, caes0017-13, caes0027-2, caes0047-2, caes0049-2, caes0051-2, caes0052-2, caes0054-2, caes0106-2, caes0106-17, caes0107-2, caes0352-1, caes0528-1, cape0001-2, jeru0491-2, jeru0491-7, jeru0494-2, jeru0494-7, jeru0497-2, jeru0554-2, kara0001-2, masa0795-6, masa0799-1, megi0002-13, tsha0002-2, unkn0130-2, unkn0131-2, yotv0001-13",caesar,PROPN,w-caesaribus,,,,y,m,other,Caesar,,,,,,,,,,,,,,,,,,,,,,,,,,,
Caesaris,"achz0001-2, ashk0003a-2, ashk0003b-2, bshe0006-6, caes0006-2, caes0014-13, caes0017-13, caes0027-2, caes0047-2, caes0049-2, caes0051-2, caes0052-2, caes0054-2, caes0106-2, caes0106-17, caes0107-2, caes0352-1, caes0528-1, cape0001-2, jeru0491-2, jeru0491-7, jeru0494-2, jeru0494-7, jeru0497-2, jeru0554-2, kara0001-2, masa0795-6, masa0799-1, megi0002-13, tsha0002-2, unkn0130-2, unkn0131-2, yotv0001-13",caesar,PROPN,w-caesaris,,,,y,m,other,Caesar,,,,,,,,,,,,,,,,,,,,,,,,,,,
Cai,"haif0020a-1, masa0831-1, nabl0001-3, nabl0001-5, nabl0001-19",caius,PROPN,w-cai,,,,y,m,other,Caius,,,,,,,,,,,,,,,,,,,,,,,,,,,
Caio,"ashk0003b-4, caes0006-3, caes0007-1, caes0018-1, caes0106-3, caes0106-12, kara0001-3, kara0001-12",gaius,PROPN,w-caio,,,,y,m,other,Caius,,,,,,,,,,,,,,,,,,,,,,,,,,,
Caius,"haif0020a-1, masa0831-1, nabl0001-3, nabl0001-5, nabl0001-19",caius,PROPN,w-caius,,,,y,m,other,Caius,,,,,,,,,,,,,,,,,,,,,,,,,,,
Caius,caes0002-8,Caius,PROPN,w-caius,,,,y,m,other,Caius,,,,,,,,,,,,,,,,,,,,,,,,,,,
Callaecorum,unkn0130-64,Callaeci,PROPN,w-callaecorum,,,,,,,,,,,,y,unitname,y,tribe,,,,,,,,,,,,,,,,,,,
Callisto,caes0002-6,Calliste,PROPN,w-callisto,,,,y,m,other,Calliste,,,,,,,,,,,,,,,,,,,,,,,,,,,
Calpurniano,caes0010-2,Calpurnianum,PROPN,w-calpurniano,,,,y,m,other,Calpurnianum,,,,,,,,,,,,,,,,,,,,,,,,,,,
Camilia,emma0001-4,Camilia,PROPN,w-camilia,,,,y,f,other,Camilia,,,,,,,,,,,,,,,,,,,,,,,,,,,
Campestris,masa0830-1,Campestra,PROPN,w-campestris,,,,,,,,,,,,,,,,,,,,,,,,,,,,y,food,,,,,
Cantabrorum,unkn0130-61,Cantabri,PROPN,w-cantabrorum,,,,,,,,,,,,y,unitname,y,tribe,,,,,,,,,,,,,,,,,,,
Capricorno,tsha0001-1,capricornus,PROPN,w-capricorno,,y,Capricornus,,,,,,,,,,,,,,,,,,,,,,,,,,,,,,,
Casesari,kara0001-17,Casesarus,PROPN,w-casesari,,,,y,m,other,Caesar,,,,,,,,,,,,,,,,,,,,,,,,,,,
causa,"caes0002-7, caes0031-18",causa,NOUN,w-causa,,,,,,,,,,,,,,,,,,,,,,,,,,,,,,,,,,
causa.,"caes0002-7, caes0031-18",causa,NOUN,w-causa.,,,,,,,,,,,,,,,,,,,,,,,,,,,,,,,,,,
Caustri,masa0948-2,Causter,NOUN,w-caustri,,,,y,m,other,Causter,,,,,,,,,,,,,,,,,,,,,,,,,,,
censor,"caes0027-11, unkn0130-16",censor,NOUN,w-censor,,,,,,,,,y,government,censor,,,,,,,,,,,,,,,,,,,,,,,
censori,"caes0027-11, unkn0130-16",censor,NOUN,w-censori,,,,,,,,,y,government,censor,,,,,,,,,,,,,,,,,,,,,,,
centurio,"caes0007-8, caes0119-4, caes0146-13, caes0148-6, caes0350-2",centurio,NOUN,w-centurio,,,,,,,,,y,military,centurion,y,rank,,,,,,,,,,,,,,,,,,,,,
civitatem,unkn0130-91,ciuitas,NOUN,w-civitatem,,,,,,,,,y ,military,centurion,y,rank,,,,,,,,,,,,,,,,,,,,,
Claudio,"caes0021-2, caes0145-2, caes0146-11",claudius,PROPN,w-claudio,,,,y,m,other,Claudius,,,,,,,,,,,,,,,,,,,,,,,,,,,
Claudius,"caes0021-2, caes0145-2, caes0146-11",claudius,PROPN,w-claudius,,,,y,m,other,Claudius,,,,,,,,,,,,,,,,,,,,,,,,,,,
Clemens,caes0006-10,clemens,PROPN,w-clemens,,,,y,m,other,Clemens,,,,,,,,,,,,,,,,,,,,,,,,,,,
Cleopatra,caes0044-8,cleopatra,PROPN,w-cleopatra,,,,y,f,other,Cleopatra,,,,,,,,,,,,,,,,,,,,,,,,,,,
cohors,"jeru0494-18, unkn0130-32",cohors,NOUN,w-cohors,,,,,,,,,,,,y,cohors,,,,,,,,,,,,,,,,,,,,,
cohortibus,"jeru0494-18, unkn0130-32",cohors,NOUN,w-cohortibus,,,,,,,,,,,,y,cohors,,,,,,,,,,,,,,,,,,,,,
Coloniae,"caes0003-6, caes0044-1, caes0122-4",colonia,PROPN,w-coloniae,,,,,,,,,,,,,,,,,,y,generic,,,,,,,,,,,,,,,
coloniae,"caes0003-6, caes0044-1, caes0122-4",colonia,NOUN,w-coloniae,,,,,,,,,,,,,,,,,,y,generic,,,,,,,,,,,,,,,
coniugi,"caes0148-2, caes0160-4",coniux,NOUN,w-coniugi,,,,,,,,,,,,,,,,y,marriage,,,,,,,,,,,,,,,,,
Constans,"caes0146-10, megi0002-24",constans,PROPN,w-constans,,,,y,m,other,Constans,,,,,,,,,,,,,,,,,,,,,,,,,,,
Constantio,caes0017-8,Constantius,PROPN,w-constantio,,,,y,m,other,Constantius,,,,,,,,,,,,,,,,,,,,,,,,,,,
constantis,"caes0146-10, megi0002-24",constans,ADJ,w-constantis,,,,y,m,other,Constans,,,,,,,,,,,,,,,,,,,,,,,,,,,
Constantius,yotv0001-9,constantius,PROPN,w-constantius,,,,y,m,other,Constantius,,,,,,,,,,,,,,,,,,,,,,,,,,,
constituerunt,yotv0001-17,constituo,VERB,w-constituerunt,,,,,,,,,,,,,,,,,,,,,,,,,,,,,,,,,,
consul,"achz0001-16, caes0027-9, caes0107-17, jeru0554-18, tsha0002-20, unkn0130-18, unkn0131-20",consul,NOUN,w-consul,,,,,,,,,y,government,consul,,,,,,,,,,,,,,,,,,,,,,,
consularis,caes0030-3,consularis,ADJ,w-consularis,,,,,,,,,y,government,consul,,,,,,,,,,,,,,,,,,,,,,,
consuli,"achz0001-16, caes0027-9, caes0107-17, jeru0554-18, tsha0002-20, unkn0130-18, unkn0131-20",consul,NOUN,w-consuli,,,,,,,,,y,government,consul,,,,,,,,,,,,,,,,,,,,,,,
consultissimo,"caes0014-3, caes0017-3",consuls,ADJ,w-consultissimo,,,,,,,,,y,government,consul,,,,,,,,,,,,,,,,,,,,,,,
conubium,unkn0130-94,connubium,NOUN,w-conubium,,,,,,,,,,,,,,,,y,marriage,,,,,,,,,,,,,,,,,
cum,yotv0001-15,cum,ADP,w-cum,,,,,,,,,,,,,,,,,,,,,,,,,,,,,,,,,,
Cumana,masa0825-2,Cimanus,ADJ,w-cumana,,,,y,m,other,Cimanus,,,,,,,,,,,,,,,,,,,,,,,,,,,
curatori,caes0035-8,curator,NOUN,w-curatori,,,,,,,,,y,military,curator,,,,,,,,,,,,,,,,,,,,,,,
curiarum,maay0001-6,curia,NOUN,w-curiarum,,,,,,,,,,,,,,,,,,,,,,,,,,,,y,building,,,,,
custodiarum,caes0682-5,custodia,NOUN,w-custodiarum,,,,,,,,,y,military,curator,y,rank,,,,,,,,,,,,,,,,,,,,,
Cyrenaicae,caes0035-7,Cyrenaicus,ADJ,w-cyrenaicae,,,,,,,,,,,,y,unitname,y,Cyrenaean,,,,,,,,,,,,,,,,,,,
d,masa0941-23,d,X,w-d,,,,,,,,,,,,,,,,,,,,,,,,,,,,,,,,,,
Damas,caes0146-22,Damas,PROPN,w-damas,,,,y,m,other,Damas,,,,,,,,,,,,,,,,,,,,,,,,,,,
Damascena,unkn0130-48,Damascena,NOUN,w-damascena,,,,,,,,,,,,y,unitname,,,,,y,Damascus,https://pleiades.stoa.org/places/678106,,,,,,,,,,,,,,
de,"caes0037-6, tsha0001-9",de,ADP,w-de,,,,,,,,,,,,,,,,,,,,,,,,,,,,,,,,,,
decreto,"caes0003-13, caes0010-12, caes0011-11, caes0122-10, jeru0497-13",decretum,NOUN,w-decreto,,,,,,,,,,,,,,,,,,,,,,,,,,,,,,,,,,
decurione,"caes0003-14, caes0010-13, caes0010-22, caes0122-11, jeru0497-14",decurio,NOUN,w-decurione,,,,,,,,,y,military,decurion,y,rank,,,,,,,,,,,,,,,,,,,,,
decurionum,"caes0003-14, caes0010-13, caes0010-22, caes0122-11, jeru0497-14",decurio,NOUN,w-decurionum,,,,,,,,,y,military,decurion,y,rank,,,,,,,,,,,,,,,,,,,,,
decurionum.,caes0011-12,decurionum,NOUN,w-decurionum.,,,,,,,,,y,military,decurion,y,rank,,,,,,,,,,,,,,,,,,,,,
dedit,"achz0001-3, ashk0003a-3, caes0122-1, cape0001-3, jeru0554-3, tsha0002-3, unkn0130-3, unkn0130-92",do,VERB,w-dedit,,,,,,,,,,,,,,,,,,,,,,,,,,,,,,,,,,
dedit.,caes0037-9,deditus,NOUN,w-dedit.,,,,,,,,,,,,,,,,,,,,,,,,,,,,,,,,,,
Deiotariana.,caes0046-4,Deiotariana.,NUM,w-deiotariana.,,,,,,,,,,,,y,unitname,,,,,,,,,,,,,,,,,,,,,
deum,megi0002-18,deus,PROPN,w-deum,,,,,,,,,,,,,,,,,,,,,,,,,,,,,,y,god,,,
devotissimus,"bshe0006-25, caes0006-14, caes0014-21, caes0017-21, caes0019-3, caes0029-1",deuotus,ADJ,w-devotissimus,,,,,,,,,,,,,,,,,,,,,,,,,,,,,,y,offer,,,
devotus,"bshe0006-25, caes0006-14, caes0014-21, caes0017-21, caes0019-3, caes0029-1",deuotus,ADJ,w-devotus,,,,,,,,,,,,,,,,,,,,,,,,,,,,,,y,offer,,,
dicatissimus.,caes0009-25,dicatissimus,NOUN,w-dicatissimus.,,,,,,,,,,,,,,,,,,,,,,,,,,,,,,,,,,
dim,"achz0001-3, ashk0003a-3, caes0122-1, cape0001-3, jeru0554-3, tsha0002-3, unkn0130-3, unkn0130-92",do,VERB,w-dim,,,,,,,,,,,,,,,,,,,,,,,,,,,,,,,,,,
dimissis,unkn0130-80,dimitto,VERB,w-dimissis,,,,,,,,,,,,,,,,,,,,,,,,,,,,,,,,,,
Diocletiano,"ashk0003b-6, caes0006-5",Diocletianum,PROPN,w-diocletiano,,,,y,m,other,Diocletian,,,,,,,,,,,,,,,,,,,,,,,,,,,
Diocletianus,yotv0001-3,diocletianus,PROPN,w-diocletianus,,,,y,m,other,Diocletian,,,,,,,,,,,,,,,,,,,,,,,,,,,
Dis,"caes0146-1, caes0160-1, nabl0001-1, nabl0002-1",Dis,PROPN,w-dis,,,,,,,,,,,,,,,,,,,,,,,,,,,,,,y,god,,,
divi,"ashk0003a-8, cape0001-7, jeru0554-7, tsha0002-7",diuus,ADJ,w-divi,,,,,,,,,,,,,,,,,,,,,,,,,,,,,,y,god,,,
divi,"achz0001-3, ashk0003a-3, caes0122-1, cape0001-3, jeru0554-3, tsha0002-3, unkn0130-3, unkn0130-92",do,VERB,w-divi,,,,,,,,,,,,,,,,,,,,,,,,,,,,,,y,god,,,
Domine,"bshe0006-3, caes0009-6, jeru0306-1, maay0001-13, megi0002-10",dominus,NOUN,w-domine,,y,lord,,,,,,y,honorific,lord,,,,,y,lord,,,,,,,,,,,,,,,,,
domini,"bshe0006-3, caes0009-6, jeru0306-1, maay0001-13, megi0002-10",dominus,NOUN,w-domini,,y,lord,,,,,,y,honorific,lord,,,,,y,lord,,,,,,,,,,,,,,,,,
Domino,"bshe0006-3, caes0009-6, jeru0306-1, maay0001-13, megi0002-10",dominus,NOUN,w-domino,,y,lord,,,,,,y,honorific,lord,,,,,y,lord,,,,,,,,,,,,,,,,,
domino,"bshe0006-3, caes0009-6, jeru0306-1, maay0001-13, megi0002-10",dominus,NOUN,w-domino,,y,lord,,,,,,y,honorific,lord,,,,,y,lord,,,,,,,,,,,,,,,,,
Domitianus,"achz0001-6, unkn0130-6",domitianus,PROPN,w-domitianus,,,,y,m,other,Domitianus,,,,,,,,,,,,,,,,,,,,,,,,,,,
dono,caes0037-8,donum,NOUN,w-dono,,,,,,,,,,,,,,,,,,,,,,,,,,,,,,,,,,
duabus,unkn0130-30,duo,NUM,w-duabus,,,,,,,,,,,,,,,,,,,,,,,,,,,,,,,,,,
duumviralem,caes0003-5,duumviralis,ADJ,w-duumviralem,,,,,,,,,y,government,duovir,,,,,,,,,,,,,,,,,,,,,,,
e,"masa0941-24, masa0941-25, masa0941-28",e,X,w-e,,,,,,,,,,,,,,,,,,,,,,,,,,,,,,,,,,
egregio,caes0011-4,egregius,ADJ,w-egregio,,,,,,,,,,,,,,,,,,,,,,,,,,,,,,,,,,
eius,"bshe0006-23, caes0009-24, caes0019-7, caes0029-4, caes0031-15, caes0044-10, caes0146-18, maay0001-32, unkn0130-22",is,DET,w-eius,,,,,,,,,,,,,,,,,,,,,,,,,,,,,,,,,,
eius.,"caes0006-17, caes0007-10, caes0014-24",eius,NOUN,w-eius.,,,,,,,,,,,,,,,,,,,,,,,,,,,,,,,,,,
eorum.,caes0017-24,eorum,NOUN,w-eorum.,,,,,,,,,,,,,,,,,,,,,,,,,,,,,,,,,,
eques,"caes0010-19, nabl0002-4, tsha0001-8, unkn0130-25",eques,NOUN,w-eques,,,,,,,,,y,government,equestrian,,,,,,,,,,,,,,,,,,,,,,,
equite,"caes0010-19, nabl0002-4, tsha0001-8, unkn0130-25",eques,NOUN,w-equite,,,,,,,,,y,government,equestrian,,,,,,,,,,,,,,,,,,,,,,,
equites,"caes0010-19, nabl0002-4, tsha0001-8, unkn0130-25",eques,NOUN,w-equites,,,,,,,,,y,government,equestrian,,,,,,,,,,,,,,,,,,,,,,,
equitum,"caes0010-19, nabl0002-4, tsha0001-8, unkn0130-25",eques,NOUN,w-equitum,,,,,,,,,y,government,equestrian,,,,,,,,,,,,,,,,,,,,,,,
est.,emma0001-20,est,NOUN,w-est.,,,,,,,,,,,,,,,,,,,,,,,,,,,,,,,,,,
et,"ashk0003a-22, ashk0003b-7, caes0010-7, caes0010-21, caes0014-2, caes0017-2, caes0018-19, caes0106-11, caes0146-19, caes0146-21, caes0146-23, caes0146-26, caes0148-11, caes0354-3, kara0001-11, maay0001-7, megi0002-8, unkn0130-26, unkn0130-31, unkn0130-39, unkn0130-42, unkn0130-46, unkn0130-50, unkn0130-54, unkn0130-56, unkn0130-59, unkn0130-62, unkn0130-66, unkn0130-76, unkn0130-93, unkn0131-26, yotv0001-5, yotv0001-8, yotv0001-10",et,CCONJ,w-et,,,,,,,,,,,,,,,,,,,,,,,,,,,,,,,,,,
Eudemi,masa0950-3,eudemus,PROPN,w-eudemi,,,,y,m,other,Eudemus,,,,,,,,,,,,,,,,,,,,,,,,,,,
Eudemi,masa0949-3,Eudemus,PROPN,w-eudemi,,,,y,m,other,Eudemus,,,,,,,,,,,,,,,,,,,,,,,,,,,
ex,"caes0003-12, caes0010-11, caes0011-10, caes0044-6, caes0122-9",ex,ADP,w-ex,,,,,,,,,,,,,,,,,,,,,,,,,,,,,,,,,,
extinctori,maay0001-12,extinctor,NOUN,w-extinctori,,,,,,,,,,,,,,,,,,,,,,,,,,,,,,,,,,
f,masa0941-26,f,X,w-f,,,,,,,,,,,,,,,,,,,,,,,,,,,,,,,,,,
facere,"caes0044-12, caes0051-6, caes0052-6, caes0122-8",facio,VERB,w-facere,,,,,,,,,,,,,,,,,,,,,,,,,,,,,,,,,,
fecerunt.,caes0146-31,fecerunt,NOUN,w-fecerunt.,,,,,,,,,,,,,,,,,,,,,,,,,,,,,,,,,,
fecit,"caes0044-12, caes0051-6, caes0052-6, caes0122-8",facio,VERB,w-fecit,,,,,,,,,,,,,,,,,,,,,,,,,,,,,,,,,,
fecit.,"caes0163-3, emma0001-22",fecit,NOUN,w-fecit.,,,,,,,,,,,,,,,,,,,,,,,,,,,,,,,,,,
Felici,kara0001-8,Felicus,PROPN,w-felici,,,,,,,,,,,,,,,,,,,,,,,,,,,,,,,,,,
Felici,"ashk0003a-16, ashk0003b-13, bshe0006-11, caes0006-7, caes0009-13, caes0014-10, caes0017-10, caes0106-8, caes0107-12, caes0683-5, unkn0131-7",felix,PROPN,w-felici,,,,y,m,other,Felix,,,,,,,,,,,,,,,,,,,,,,,,,,,
felici,"ashk0003a-16, ashk0003b-13, bshe0006-11, caes0006-7, caes0009-13, caes0014-10, caes0017-10, caes0106-8, caes0107-12, caes0683-5, unkn0131-7",felix,ADJ,w-felici,,,,y,m,other,Felix,,,,,,,,,,,,,,,,,,,,,,,,,,,
felicia,"ashk0003a-16, ashk0003b-13, bshe0006-11, caes0006-7, caes0009-13, caes0014-10, caes0017-10, caes0106-8, caes0107-12, caes0683-5, unkn0131-7",felix,ADJ,w-felicia,,,,y,m,other,Felix,,,,,,,,,,,,,,,,,,,,,,,,,,,
felicibus,"ashk0003a-16, ashk0003b-13, bshe0006-11, caes0006-7, caes0009-13, caes0014-10, caes0017-10, caes0106-8, caes0107-12, caes0683-5, unkn0131-7",felix,ADJ,w-felicibus,,,,y,m,other,Felix,,,,,,,,,,,,,,,,,,,,,,,,,,,
Felicissimo,caes0009-1,felicissimus,PROPN,w-felicissimo,,,,,,,,,,,,,,,,,,,,,,,,,,,,,,,,,,
feliciter.,bshe0006-26,feliciter,NOUN,w-feliciter.,,,,,,,,,,,,,,,,,,,,,,,,,,,,,,,,,,
felix,"ashk0003a-16, ashk0003b-13, bshe0006-11, caes0006-7, caes0009-13, caes0014-10, caes0017-10, caes0106-8, caes0107-12, caes0683-5, unkn0131-7",felix,ADJ,w-felix,,,,y,m,other,Felix,,,,,,,,,,,,,,,,,,,,,,,,,,,
Fermilianus,bshe0006-16,Fermilianus,PROPN,w-fermilianus,,,,y,m,other,Fermilianus,,,,,,,,,,,,,,,,,,,,,,,,,,,
Ferrata,"caes0146-8, gado0001-4, megi0002-23",Ferrata,PROPN,w-ferrata,,,,,,,,,,,,y,unitname,,,,,,,,,,,,,,,,,,,,,
Ferratae,"caes0146-8, gado0001-4, megi0002-23",Ferrata,PROPN,w-ferratae,,,,,,,,,,,,y,unitname,,,,,,,,,,,,,,,,,,,,,
Ferratae.,"caes0049-9, caes0054-10",Ferratae,NOUN,w-ferratae.,,,,,,,,,,,,y,unitname,,,,,,,,,,,,,,,,,,,,,
fidelis,caes0146-9,fidelis,ADJ,w-fidelis,,,,,,,,,,,,y,unitname,,,,,,,,,,,,,,,,,,,,,
Fili,"achz0001-5, ashk0003a-7, bani0003-9, caes0106-18, caes0107-6, caes0148-14, cape0001-6, emma0001-3, jeru0494-10, jeru0554-6, kara0001-18, nabl0001-6, tsha0002-6, unkn0130-5",filius,NOUN,w-fili,,,,,,,,,,,,,,,,y,son,,,,,,,,,,,,,,,,,
filia,caes0032-9,filia,NOUN,w-filia,,,,,,,,,,,,,,,,y,daughter,,,,,,,,,,,,,,,,,
filio,"achz0001-5, ashk0003a-7, bani0003-9, caes0106-18, caes0107-6, caes0148-14, cape0001-6, emma0001-3, jeru0494-10, jeru0554-6, kara0001-18, nabl0001-6, tsha0002-6, unkn0130-5",filius,NOUN,w-filio,,,,,,,,,,,,,,,,y,son,,,,,,,,,,,,,,,,,
filius,"achz0001-5, ashk0003a-7, bani0003-9, caes0106-18, caes0107-6, caes0148-14, cape0001-6, emma0001-3, jeru0494-10, jeru0554-6, kara0001-18, nabl0001-6, tsha0002-6, unkn0130-5",filius,NOUN,w-filius,,,,,,,,,,,,,,,,y,son,,,,,,,,,,,,,,,,,
Filius,"achz0001-5, ashk0003a-7, bani0003-9, caes0106-18, caes0107-6, caes0148-14, cape0001-6, emma0001-3, jeru0494-10, jeru0554-6, kara0001-18, nabl0001-6, tsha0002-6, unkn0130-5",filius,NOUN,w-filius,,,,,,,,,,,,,,,,y,son,,,,,,,,,,,,,,,,,
filius.,"achz0001-5, ashk0003a-7, bani0003-9, caes0106-18, caes0107-6, caes0148-14, cape0001-6, emma0001-3, jeru0494-10, jeru0554-6, kara0001-18, nabl0001-6, tsha0002-6, unkn0130-5",filius,NOUN,w-filius.,,,,,,,,,,,,,,,,y,son,,,,,,,,,,,,,,,,,
Flavia,caes0024-1,Flauia,PROPN,w-flavia,,,,y,f,other,Flavia,,,,,,,,,,,,,,,,,,,,,,,,,,,
Flaviae,"caes0003-8, caes0044-3, nabl0001-13",Flavia,PROPN,w-flaviae,,,,y,f,other,Flavia,,,,,,,,,,,,,,,,,,,,,,,,,,,
Flavianus,caes0031-8,flauianus,PROPN,w-flavianus,,,,y,m,other,Flavianus,,,,,,,,,,,,,,,,,,,,,,,,,,,
Flavii,"caes0002-2, caes0003-2, caes0010-17, caes0017-6, caes0018-11, caes0030-1, caes0146-3",flauius,PROPN,w-flavii,,,,y,m,other,Flavius,,,,,,,,,,,,,,,,,,,,,,,,,,,
Flavio,"caes0002-2, caes0003-2, caes0010-17, caes0017-6, caes0018-11, caes0030-1, caes0146-3",flauius,PROPN,w-flavio,,,,y,m,other,Flavius,,,,,,,,,,,,,,,,,,,,,,,,,,,
Flavium,"caes0002-2, caes0003-2, caes0010-17, caes0017-6, caes0018-11, caes0030-1, caes0146-3",flauius,PROPN,w-flavium,,,,y,m,other,Flavius,,,,,,,,,,,,,,,,,,,,,,,,,,,
Flavius,"caes0002-2, caes0003-2, caes0010-17, caes0017-6, caes0018-11, caes0030-1, caes0146-3",flauius,PROPN,w-flavius,,,,y,m,other,Flavius,,,,,,,,,,,,,,,,,,,,,,,,,,,
fortis.,caes0047-10,fortis,NOUN,w-fortis.,,,,,,,,,,,,y,unitname,,,,,,,,,,,,,,,,,,,,,
Fortissimo,bshe0006-1,Fortus,ADJ,w-fortissimo,,,,,,,,,,,,,,,,,,,,,,,,,,,,,,,,,,
Fortissimo,"caes0014-1, caes0017-1",Fortis,ADJ,w-fortissimo,,,,,,,,,,,,,,,,,,,,,,,,,,,,,,,,,,
Francico,maay0001-20,Francico,PROPN,w-francico,,,,,,,,,,,,,,y,French,,,,,,,,,,,,,,,,,,,
fratri,"ashk0003b-3, nabl0001-22",frater,NOUN,w-fratri,,,,,,,,,,,,,,,,y,brother,,,,,,,,,,,,,,,,,
fratribus,"ashk0003b-3, nabl0001-22",frater,NOUN,w-fratribus,,,,,,,,,,,,,,,,y,brother,,,,,,,,,,,,,,,,,
Fretensis,"caes0018-15, caes0031-12, caes0045-8, caes0048-4, caes0050-3, caes0051-11, caes0052-11, caes0053-8, caes0146-16, caes0148-9, caes0349-3, caes0529-3, jeru0491-16, jeru0535-3, jeru0536-3, jeru0554-24, masa0937-3",Fretensis,ADJ,w-fretensis,,,,,,,,,,,,y,unitname,,,,,,,,,,,,,,,,,,,,,
fretensis,masa0853-3,fretensis,ADJ,w-fretensis,,,,,,,,,,,,y,unitname,,,,,,,,,,,,,,,,,,,,,
Fretensis,"caes0018-15, caes0031-12, caes0045-8, caes0048-4, caes0050-3, caes0051-11, caes0052-11, caes0053-8, caes0146-16, caes0148-9, caes0349-3, caes0529-3, jeru0491-16, jeru0535-3, jeru0536-3, jeru0554-24, masa0937-3",Fretensis,PROPN,w-fretensis,,,,,,,,,,,,y,unitname,,,,,,,,,,,,,,,,,,,,,
Fretensis.,"caes0018-15, caes0031-12, caes0045-8, caes0048-4, caes0050-3, caes0051-11, caes0052-11, caes0053-8, caes0146-16, caes0148-9, caes0349-3, caes0529-3, jeru0491-16, jeru0535-3, jeru0536-3, jeru0554-24, masa0937-3",Fretensis,NOUN,w-fretensis.,,,,,,,,,,,,y,unitname,,,,,,,,,,,,,,,,,,,,,
frumentariorum,caes0683-3,frumentarior,NOUN,w-frumentariorum,,,,,,,,,y,military,frumentarior,y,rank,,,,,,,,,,,,,,,,,,,,,
Fulminatae,caes0119-7,Fulminata,PROPN,w-fulminatae,,,,,,,,,,,,y,unitname,,,,,,,,,,,,,,,,,,,,,
Furio,caes0007-2,furius,PROPN,w-furio,,,,,,,,,,,,,,,,,,,,,,,,,,,,,,,,,,
Gaetulorum,unkn0130-41,gaetuli,PROPN,w-gaetulorum,,,,,,,,,,,,,,,,,,,,,,,,,,,,,,,,,,
Gaio,"ashk0003b-4, caes0006-3, caes0007-1, caes0018-1, caes0106-3, caes0106-12, kara0001-3, kara0001-12",gaius,PROPN,w-gaio,,,,y,m,other,Caius,,,,,,,,,,,,,,,,,,,,,,,,,,,
Galerio,"bshe0006-7, caes0014-6",galerius,PROPN,w-galerio,,,,y,m,other,Galerius,,,,,,,,,,,,,,,,,,,,,,,,,,,
Garum,masa0826-1,Gae,PROPN,w-garum,,,,,,,,,,,,,,,,,,,,,,,,,,,,y,food,,,,,
Gemonnea,bshe0156-1,Gemonneus,PROPN,w-gemonnea,,,,,,,,,,,,,,,,,,y,Gemona,https://pleiades.stoa.org/places/187394,,,,,,,,,,y,genius,,,
Genio,caes0683-2,genius,PROPN,w-genio,,y,genius,,,,,,,,,,,,,,,,,,,,,,,,,,,y,genius,,,
Geniu,jeru0495-5,Geniu,PROPN,w-geniu,,y,genius,,,,,,,,,,,,,,,,,,,,,,,,,,,,,,,
genus,maay0001-29,genus,NOUN,w-genus,,,,,,,,,,,,,,,,,,,,,,,,,,,,,,,,,,
Germanicus,unkn0130-8,germanicus,PROPN,w-germanicus,,,,y,m,other,Germanicus,,,,,,,y,German,,,,,,,,,,,,,,,,,,,
Gordiano,caes0107-5,gordianus,PROPN,w-gordiano,,,,y,m,other,Gordian,,,,,,,,,,,,,,,,,,,,,,,,,,,
h,masa0941-27,h,X,w-h,,,,,,,,,,,,,,,,,,,,,,,,,,,,,,,,,,
Hadriano,"caes0045-3, caes0047-4, caes0049-4, caes0053-3, jeru0497-5, jeru0554-11, tsha0002-11",hadrianus,PROPN,w-hadriano,,,,y,m,other,Hadrianus,,,,,,,,,,,,,,,,,,,,,,,,,,,
Hadrianus,"caes0051-4, caes0052-4, caes0054-4, cape0001-11",Hadrianus,PROPN,w-hadrianus,,,,y,m,other,Hadrianus,,,,,,,,,,,,,,,,,,,,,,,,,,,
haeres,nabl0002-10,haereo,VERB,w-haeres,,,,,,,,,,,,,,,,y,heir,,,,,,,,,,,,,,,,,
heredes,"caes0044-11, caes0146-28",heres,NOUN,w-heredes,,,,,,,,,,,,,,,,y,heir,,,,,,,,,,,,,,,,,
Heres,emma0001-21,Ho,VERB,w-heres,,,,,,,,,,,,,,,,y,heir,,,,,,,,,,,,,,,,,
heres,"caes0044-11, caes0146-28",heres,NOUN,w-heres,,,,,,,,,,,,,,,,y,heir,,,,,,,,,,,,,,,,,
Herinnius,masa0829-2,Herinnius,PROPN,w-herinnius,,,,y,m,other,Herennius,,,,,,,,,,,,,,,,,,,,,,,,,,,
Hestia,haif0020a-3,Hestia,PROPN,w-hestia,,y,Hestia,,,,,,,,,,,,,,,,,,,,,,,,,,,,,,,
Hic,emma0001-18,hic,DET,w-hic,,,,,,,,,,,,,,,,,,,,,,,,,,,,,,,,,,
Hilarus,caes0146-20,Hilarus,PROPN,w-hilarus,,,,y,m,other,Hilarius,,,,,,,,,,,,,,,,,,,,,,,,,,,
honesta,unkn0130-81,honestus,ADJ,w-honesta,,,,,,,,,,,,,,,,,,,,,,,,,,,,,,,,,,
honoris,"caes0002-5, caes0031-17",honor,NOUN,w-honoris,,,,,,,,,,,,,,,,,,,,,,,,,,,,,,,,,,
iis,"bshe0006-23, caes0009-24, caes0019-7, caes0029-4, caes0031-15, caes0044-10, caes0146-18, maay0001-32, unkn0130-22",is,DET,w-iis,,,,,,,,,,,,,,,,,,,,,,,,,,,,,,,,,,
Imperator,"achz0001-1, achz0001-12, ashk0003a-1, ashk0003b-1, bshe0006-5, caes0006-1, caes0027-1, caes0027-12, caes0045-1, caes0047-1, caes0049-1, caes0051-1, caes0052-1, caes0053-1, caes0054-1, caes0106-1, caes0107-1, cape0001-1, jeru0491-1, jeru0491-5, jeru0494-1, jeru0494-5, jeru0495-3, jeru0497-1, jeru0554-1, kara0001-1, megi0002-12, tsha0002-1, tsha0002-18, unkn0130-1, unkn0130-14, unkn0131-1, unkn0131-18",imperator,NOUN,w-imperator,,,,,,,,,y,government,emperor,,,,,,,,,,,,,,,,,,,,,,,
imperator,"achz0001-1, achz0001-12, ashk0003a-1, ashk0003b-1, bshe0006-5, caes0006-1, caes0027-1, caes0027-12, caes0045-1, caes0047-1, caes0049-1, caes0051-1, caes0052-1, caes0053-1, caes0054-1, caes0106-1, caes0107-1, cape0001-1, jeru0491-1, jeru0491-5, jeru0494-1, jeru0494-5, jeru0495-3, jeru0497-1, jeru0554-1, kara0001-1, megi0002-12, tsha0002-1, tsha0002-18, unkn0130-1, unkn0130-14, unkn0131-1, unkn0131-18",imperator,NOUN,w-imperator,,,,,,,,,y,government,emperor,,,,,,,,,,,,,,,,,,,,,,,
Imperatore,"achz0001-1, achz0001-12, ashk0003a-1, ashk0003b-1, bshe0006-5, caes0006-1, caes0027-1, caes0027-12, caes0045-1, caes0047-1, caes0049-1, caes0051-1, caes0052-1, caes0053-1, caes0054-1, caes0106-1, caes0107-1, cape0001-1, jeru0491-1, jeru0491-5, jeru0494-1, jeru0494-5, jeru0495-3, jeru0497-1, jeru0554-1, kara0001-1, megi0002-12, tsha0002-1, tsha0002-18, unkn0130-1, unkn0130-14, unkn0131-1, unkn0131-18",imperator,NOUN,w-imperatore,,,,,,,,,y,government,emperor,,,,,,,,,,,,,,,,,,,,,,,
Imperatori,"achz0001-1, achz0001-12, ashk0003a-1, ashk0003b-1, bshe0006-5, caes0006-1, caes0027-1, caes0027-12, caes0045-1, caes0047-1, caes0049-1, caes0051-1, caes0052-1, caes0053-1, caes0054-1, caes0106-1, caes0107-1, cape0001-1, jeru0491-1, jeru0491-5, jeru0494-1, jeru0494-5, jeru0495-3, jeru0497-1, jeru0554-1, kara0001-1, megi0002-12, tsha0002-1, tsha0002-18, unkn0130-1, unkn0130-14, unkn0131-1, unkn0131-18",imperator,NOUN,w-imperatori,,,,,,,,,y,government,emperor,,,,,,,,,,,,,,,,,,,,,,,
imperatori,"achz0001-1, achz0001-12, ashk0003a-1, ashk0003b-1, bshe0006-5, caes0006-1, caes0027-1, caes0027-12, caes0045-1, caes0047-1, caes0049-1, caes0051-1, caes0052-1, caes0053-1, caes0054-1, caes0106-1, caes0107-1, cape0001-1, jeru0491-1, jeru0491-5, jeru0494-1, jeru0494-5, jeru0495-3, jeru0497-1, jeru0554-1, kara0001-1, megi0002-12, tsha0002-1, tsha0002-18, unkn0130-1, unkn0130-14, unkn0131-1, unkn0131-18",imperator,NOUN,w-imperatori,,,,,,,,,y,government,emperor,,,,,,,,,,,,,,,,,,,,,,,
Imperatoribus,"achz0001-1, achz0001-12, ashk0003a-1, ashk0003b-1, bshe0006-5, caes0006-1, caes0027-1, caes0027-12, caes0045-1, caes0047-1, caes0049-1, caes0051-1, caes0052-1, caes0053-1, caes0054-1, caes0106-1, caes0107-1, cape0001-1, jeru0491-1, jeru0491-5, jeru0494-1, jeru0494-5, jeru0495-3, jeru0497-1, jeru0554-1, kara0001-1, megi0002-12, tsha0002-1, tsha0002-18, unkn0130-1, unkn0130-14, unkn0131-1, unkn0131-18",imperator,NOUN,w-imperatoribus,,,,,,,,,y,government,emperor,,,,,,,,,,,,,,,,,,,,,,,
imperatoris,"achz0001-1, achz0001-12, ashk0003a-1, ashk0003b-1, bshe0006-5, caes0006-1, caes0027-1, caes0027-12, caes0045-1, caes0047-1, caes0049-1, caes0051-1, caes0052-1, caes0053-1, caes0054-1, caes0106-1, caes0107-1, cape0001-1, jeru0491-1, jeru0491-5, jeru0494-1, jeru0494-5, jeru0495-3, jeru0497-1, jeru0554-1, kara0001-1, megi0002-12, tsha0002-1, tsha0002-18, unkn0130-1, unkn0130-14, unkn0131-1, unkn0131-18",imperator,NOUN,w-imperatoris,,,,,,,,,y,government,emperor,,,,,,,,,,,,,,,,,,,,,,,
Imperatoris,"achz0001-1, achz0001-12, ashk0003a-1, ashk0003b-1, bshe0006-5, caes0006-1, caes0027-1, caes0027-12, caes0045-1, caes0047-1, caes0049-1, caes0051-1, caes0052-1, caes0053-1, caes0054-1, caes0106-1, caes0107-1, cape0001-1, jeru0491-1, jeru0491-5, jeru0494-1, jeru0494-5, jeru0495-3, jeru0497-1, jeru0554-1, kara0001-1, megi0002-12, tsha0002-1, tsha0002-18, unkn0130-1, unkn0130-14, unkn0131-1, unkn0131-18",imperator,NOUN,w-imperatoris,,,,,,,,,y,government,emperor,,,,,,,,,,,,,,,,,,,,,,,
imperium,maay0001-31,imperium,NOUN,w-imperium,,,,,,,,,,,,,,,,,,,,,,,,,,,,,,,,,,
in,"unkn0130-28, unkn0130-68",in,ADP,w-in,,,,,,,,,,,,,,,,,,,,,,,,,,,,,,,,,,
incolumitate,megi0002-9,incolumitas,NOUN,w-incolumitate,,,,,,,,,,,,,,,,,,,,,,,,,,,,,,,,,,
invictis,ashk0003b-14,imuictus,ADJ,w-invictis,,,,,,,,,,,,,,,,,,,,,,,,,,,,,,,,,,
invicto,"caes0014-11, caes0017-11",inuictus,ADJ,w-invicto,,,,,,,,,,,,,,,,,,,,,,,,,,,,,,,,,,
invicto,"ashk0003a-17, bshe0006-13, caes0006-8, caes0009-14, caes0354-1",invictus,ADJ,w-invicto,,,,,,,,,,,,,,,,,,,,,,,,,,,,,,,,,,
Iosepus,masa0936-1,Iosepus,PROPN,w-iosepus,,,,y,m,Jewish,Josephus,,,,,,,,,,,,,,,,,,,,,,,,,,,
Iouliano,maay0001-15,Ioulianum,PROPN,w-iouliano,,,,y,m,other,Julianus,,,,,,,,,,,,,,,,,,,,,,,,,,,
ipsis,unkn0130-87,ipse,DET,w-ipsis,,,,,,,,,,,,,,,,,,,,,,,,,,,,,,,,,,
Isidi,megi0002-1,isis,PROPN,w-isidi,,y,Isis,,,,,,,,,,,,,,,,,,,,,,,,,,,,,,,
Isidorianus,megi0002-27,Isidorianus,PROPN,w-isidorianus,,,,y,m,other,Isidorianus,,,,,,,,,,,,,,,,,,,,,,,,,,,
Italico,caes0145-3,Italiquus,ADJ,w-italico,,,,y,m,other,Italiquus,,,,,,,y,Italian,,,,,,,,,,,,,,,,,,,
Iudaea,unkn0130-69,iudaea,PROPN,w-iudaea,,,,,,,,,,,,,,,,,,y,Judaea,https://pleiades.stoa.org/places/981527,,,,,,,,,,,,,,
Iudaeae,caes0043-6,Iudaea,PROPN,w-iudaeae,,,,,,,,,,,,,,,,,,y,Judaea,https://pleiades.stoa.org/places/981527,,,,,,,,,,,,,,
Iulia,"caes0018-2, caes0032-4, caes0032-5, caes0106-4, caes0106-13, caes0119-2, caes0148-4, caes0148-12, kara0001-4, kara0001-13, megi0002-26",iulius,ADJ,w-iulia,,,,y,m,other,Julius,,,,,,,,,,,,,,,,,,,,,,,,,,,
Iuliano,"caes0011-2, caes0148-13",iulianus,PROPN,w-iuliano,,,,y,m,other,Julianus,,,,,,,,,,,,,,,,,,,,,,,,,,,
Iulianus,"caes0011-2, caes0148-13",iulianus,PROPN,w-iulianus,,,,y,m,other,Julianus,,,,,,,,,,,,,,,,,,,,,,,,,,,
Iulii,"caes0018-2, caes0032-4, caes0032-5, caes0106-4, caes0106-13, caes0119-2, caes0148-4, caes0148-12, kara0001-4, kara0001-13, megi0002-26",iulius,PROPN,w-iulii,,,,y,m,other,Julius,,,,,,,,,,,,,,,,,,,,,,,,,,,
Iulio,"caes0018-2, caes0032-4, caes0032-5, caes0106-4, caes0106-13, caes0119-2, caes0148-4, caes0148-12, kara0001-4, kara0001-13, megi0002-26",iulius,PROPN,w-iulio,,,,y,m,other,Julius,,,,,,,,,,,,,,,,,,,,,,,,,,,
Iulius,"caes0018-2, caes0032-4, caes0032-5, caes0106-4, caes0106-13, caes0119-2, caes0148-4, caes0148-12, kara0001-4, kara0001-13, megi0002-26",iulius,PROPN,w-iulius,,,,y,m,other,Julius,,,,,,,,,,,,,,,,,,,,,,,,,,,
iussit,caes0044-13,iubeo,VERB,w-iussit,,,,,,,,,,,,,,,,,,,,,,,,,,,,,,,,,,
Iustinus,caes0007-7,Iustinus,PROPN,w-iustinus,,,,y,m,other,Justinus,,,,,,,,,,,,,,,,,,,,,,,,,,,
iuventutis,"caes0014-4, caes0017-4",iuuentus,NOUN,w-iuventutis,,,,y,m,other,Juventus,,,,,,,,,,,,,,,,,,,,,,,,,,,
Ivimus,jeru0306-2,Ivo,VERB,w-ivimus,,,,,,,,,,,,,,,,,,,,,,,,,,,,,,,,,,
Lati,caes0062-5,latium,PROPN,w-lati,,,,,,,,,,,,,,y,tribe,,,,,,,,,,,,,,,,,,,
legato,"achz0001-21, caes0018-4, caes0020-1, caes0021-4, caes0022-2, caes0031-2, caes0034-1, caes0034-3, caes0035-2, jeru0494-14",legatus,NOUN,w-legato,,,,,,,,,y,military,legate,y,rank,,,,,,,,,,,,,,,,,,,,,
legio,"caes0021-5, caes0034-2, caes0035-5, caes0045-6, caes0046-2, caes0047-7, caes0048-2, caes0049-7, caes0050-1, caes0051-9, caes0052-9, caes0053-6, caes0054-8, caes0119-5, caes0146-6, caes0146-14, caes0148-7, caes0349-1, caes0350-3, emma0001-8, jeru0554-22, masa0853-1, masa0937-1, megi0002-21, nabl0001-11",legio,NOUN,w-legio,,,,,,,,,,,,y,legion,,,,,,,,,,,,,,,,,,,,,
Legio,"caes0021-5, caes0034-2, caes0035-5, caes0045-6, caes0046-2, caes0047-7, caes0048-2, caes0049-7, caes0050-1, caes0051-9, caes0052-9, caes0053-6, caes0054-8, caes0119-5, caes0146-6, caes0146-14, caes0148-7, caes0349-1, caes0350-3, emma0001-8, jeru0554-22, masa0853-1, masa0937-1, megi0002-21, nabl0001-11",legio,PROPN,w-legio,,,,,,,,,,,,y,legion,,,,,,,,,,,,,,,,,,,,,
Legio,"caes0529-1, jeru0535-1, jeru0536-1",Legium,PROPN,w-legio,,,,,,,,,,,,y,legion,,,,,,,,,,,,,,,,,,,,,
legionis,"caes0021-5, caes0034-2, caes0035-5, caes0045-6, caes0046-2, caes0047-7, caes0048-2, caes0049-7, caes0050-1, caes0051-9, caes0052-9, caes0053-6, caes0054-8, caes0119-5, caes0146-6, caes0146-14, caes0148-7, caes0349-1, caes0350-3, emma0001-8, jeru0554-22, masa0853-1, masa0937-1, megi0002-21, nabl0001-11",legio,NOUN,w-legionis,,,,,,,,,,,,y,legion,,,,,,,,,,,,,,,,,,,,,
legionis,caes0031-10,legionus,NOUN,w-legionis,,,,,,,,,,,,y,legion,,,,,,,,,,,,,,,,,,,,,
Legionis,jeru0491-14,Legion,PROPN,w-legionis,,,,,,,,,,,,y,legion,,,,,,,,,,,,,,,,,,,,,
Legionis,gado0001-2,Legio,NOUN,w-legionis,,,,,,,,,,,,y,legion,,,,,,,,,,,,,,,,,,,,,
liberatori,maay0001-3,liberatus,NOUN,w-liberatori,,,,,,,,,,,,,,,,y,freedperson,,,,,,,,,,,,,,,,,
liberis,unkn0130-88,liberi,NOUN,w-liberis,,,,,,,,,,,,,,,,,,,,,,,,,,,,,,,,,,
liberti,"caes0002-4, caes0146-25",libertus,NOUN,w-liberti,,,,,,,,,,,,,,,,y,freedperson,,,,,,,,,,,,,,,,,
liberto,"caes0002-4, caes0146-25",libertus,NOUN,w-liberto,,,,,,,,,,,,,,,,y,freedperson,,,,,,,,,,,,,,,,,
Livi,masa0948-1,liuius,PROPN,w-livi,,,,y,m,other,Livius,,,,,,,,,,,,,,,,,,,,,,,,,,,
Longinus,nabl0001-8,longinus,PROPN,w-longinus,,,,y,m,other,Livius,,,,,,,,,,,,,,,,,,,,,,,,,,,
Lucilio,jeru0494-12,lucilius,PROPN,w-lucilio,,,,y,m,other,Lucilius,,,,,,,,,,,,,,,,,,,,,,,,,,,
Lucius,jeru0491-10,lucius,PROPN,w-lucius,,,,y,m,other,Lucius,,,,,,,,,,,,,,,,,,,,,,,,,,,
ludis,caes0122-6,ludus,NOUN,w-ludis,,,,,,,,,,,,,,,,,,,,,,,,y,ludus,,,,,,,,,
Lusitanorum,unkn0130-45,lusitani,PROPN,w-lusitanorum,,,,,,,,,,,,,,,,,,,,,,,,,,,,,,,,,,
Macedonicae,emma0001-10,macedonicus,ADJ,w-macedonicae,,,,,,,,,,,,y,unitname,y,Macedonian,,,,,,,,,,,,,,,,,,,
Magnum,"achz0001-9, ashk0003a-5, caes0027-6, caes0119-3, jeru0554-14, maay0001-19, maay0001-21, maay0001-23, megi0002-19, tsha0002-14, unkn0130-10, unkn0131-10, unkn0131-12, unkn0131-14",magnus,PROPN,w-magnum,,,,,,,,,,,,,,,,,,,,,,,,,,,,,,,,,,
Magnus,"achz0001-9, ashk0003a-5, caes0027-6, caes0119-3, jeru0554-14, maay0001-19, maay0001-21, maay0001-23, megi0002-19, tsha0002-14, unkn0130-10, unkn0131-10, unkn0131-12, unkn0131-14",magnus,PROPN,w-magnus,,,,,,,,,,,,,,,,,,,,,,,,,,,,,,,,,,
maiestati,caes0019-5,maiestas,NOUN,w-maiestati,,,,,,,,,,,,,,,,,,,,,,,,,,,,,,,,,,
maiestatique,"bshe0006-22, caes0006-16, caes0014-23, caes0017-23, caes0029-3",maiestatus,NOUN,w-maiestatique,,,,,,,,,,,,,,,,,,,,,,,,,,,,,,,,,,
maioris,"achz0001-9, ashk0003a-5, caes0027-6, caes0119-3, jeru0554-14, maay0001-19, maay0001-21, maay0001-23, megi0002-19, tsha0002-14, unkn0130-10, unkn0131-10, unkn0131-12, unkn0131-14",magnus,ADJ,w-maioris,,,,,,,,,,,,,,,,,,,,,,,,,,,,,,,,,,
manibus,nabl0002-2,manus,NOUN,w-manibus,,y,chthonic,,,,,,,,,,,,,,,,,,,,,,,,,,,,,,,
Manibus,"caes0146-2, nabl0001-2",manes,PROPN,w-manibus,,y,chthonic,,,,,,,,,,,,,,,,,,,,,,,,,,,,,,,
Manibus.,caes0160-2,manibus,ADV,w-manibus.,,y,chthonic,,,,,,,,,,,,,,,,,,,,,,,,,,,,,,,
Marci,"ashk0003a-12, ashk0003b-8, bani0003-2, caes0003-1, caes0009-8, caes0018-10, caes0107-3, masa0829-1, masa0949-1, masa0950-1, unkn0131-3",marcus,PROPN,w-marci,,,,y,m,other,Marcus,,,,,,,,,,,,,,,,,,,,,,,,,,,
Marco,"ashk0003a-12, ashk0003b-8, bani0003-2, caes0003-1, caes0009-8, caes0018-10, caes0107-3, masa0829-1, masa0949-1, masa0950-1, unkn0131-3",marcus,PROPN,w-marco,,,,y,m,other,Marcus,,,,,,,,,,,,,,,,,,,,,,,,,,,
Marcum,"ashk0003a-12, ashk0003b-8, bani0003-2, caes0003-1, caes0009-8, caes0018-10, caes0107-3, masa0829-1, masa0949-1, masa0950-1, unkn0131-3",marcus,PROPN,w-marcum,,,,y,m,other,Marcus,,,,,,,,,,,,,,,,,,,,,,,,,,,
Marcus,"ashk0003a-12, ashk0003b-8, bani0003-2, caes0003-1, caes0009-8, caes0018-10, caes0107-3, masa0829-1, masa0949-1, masa0950-1, unkn0131-3",marcus,PROPN,w-marcus,,,,y,m,other,Marcus,,,,,,,,,,,,,,,,,,,,,,,,,,,
Marini,caes0164-2,marinus,PROPN,w-marini,,,,y,m,other,Marinus,,,,,,,,,,,,,,,,,,,,,,,,,,,
MARION,jeru0164-1,MARION,VERB,w-marion,,,,y,f,other,Miriam,,,,,,,,,,,,,,,,,,,,,,,,,,,
maritus,caes0148-10,maritus,NOUN,w-maritus,,,,,,,,,,,,,,,,y,husband,,,,,,,,,,,,,,,,,
mater,caes0044-9,mater,NOUN,w-mater,,,,,,,,,,,,,,,,y,mother,,,,,,,,,,,,,,,,,
Mauretana,unkn0130-38,Mauretanus,ADJ,w-mauretana,,,,,,,,,,,,,,y,Mauretanian,,,,,,,,,,,,,,,,,,,
Maurorum,nabl0002-6,mauri,PROPN,w-maurorum,,,,,,,,,,,,y,unitname,,,,,,,,,,,,,,,,,,,,,
Maximiano,"ashk0003b-11, bshe0006-9, caes0009-11, caes0014-8, yotv0001-6, yotv0001-11",maximianus,PROPN,w-maximiano,,,,y,m,other,Maximianus,,,,,,,,,,,,,,,,,,,,,,,,,,,
Maximianus,"ashk0003b-11, bshe0006-9, caes0009-11, caes0014-8, yotv0001-6, yotv0001-11",maximianus,PROPN,w-maximianus,,,,y,m,other,Maximianus,,,,,,,,,,,,,,,,,,,,,,,,,,,
Maximino,"caes0106-6, kara0001-6",Maximinus,PROPN,w-maximino,,,,y,m,other,Maximinus,,,,,,,,,,,,,,,,,,,,,,,,,,,
Maximo,"caes0106-15, kara0001-15, maay0001-25",maximus,PROPN,w-maximo,,,,y,m,other,Maximus,,,,,,,,,,,,,,,,,,,,,,,,,,,
maximo,"achz0001-9, ashk0003a-5, caes0027-6, caes0119-3, jeru0554-14, maay0001-19, maay0001-21, maay0001-23, megi0002-19, tsha0002-14, unkn0130-10, unkn0131-10, unkn0131-12, unkn0131-14",magnus,ADJ,w-maximo,,,,,,,,,,,,,,,,,,,,,,,,,,,,,,,,,,
maximus,"achz0001-9, ashk0003a-5, caes0027-6, caes0119-3, jeru0554-14, maay0001-19, maay0001-21, maay0001-23, megi0002-19, tsha0002-14, unkn0130-10, unkn0131-10, unkn0131-12, unkn0131-14",magnus,ADJ,w-maximus,,,,,,,,,,,,,,,,,,,,,,,,,,,,,,,,,,
merenti,nabl0002-12,mereor,VERB,w-merenti,,,,,,,,,,,,,,,,,,,,,,,,,,,,,,,,,,
merenti,"caes0163-2, nabl0001-24",merens,ADJ,w-merenti,,,,,,,,,,,,,,,,,,,,,,,,,,,,,,,,,,
merenti.,caes0018-20,merenti.,X,w-merenti.,,,,,,,,,,,,,,,,,,,,,,,,,,,,,,,,,,
meritis,caes0031-16,meritum,NOUN,w-meritis,,,,,,,,,,,,,,,,,,,,,,,,,,,,,,,,,,
merverant,unkn0130-79,mereo,VERB,w-merverant,,,,,,,,,,,,,,,,,,,,,,,,,,,,,,,,,,
Mesopotamiae,caes0010-6,mesopotamia,PROPN,w-mesopotamiae,,,,,,,,,,,,,,,,,,y,Mesopotamia,https://pleiades.stoa.org/errata/1001936,,,,,,,,,,,,,,
metropolis,"caes0010-10, caes0010-23, caes0011-9",metropolis,NOUN,w-metropolis,,,,,,,,,,,,,,,,,,y,generic,,,,,,,,,,,,,,,
metropolis.,"caes0010-10, caes0010-23, caes0011-9",metropolis,NOUN,w-metropolis.,,,,,,,,,,,,,,,,,,y,generic,,,,,,,,,,,,,,,
miles,"emma0001-7, nabl0001-10",miles,NOUN,w-miles,,,,,,,,,,,,y,rank,,,,,,,,,,,,,,,,,,,,,
milia,ashk0003a-25,mille,NUM,w-milia,,,,,,,,,,,,,,,,,,,,,,,,,,y,length,,,,,,,
militaverunt,"emma0001-15, unkn0130-24",milito,VERB,w-militaverunt,,,,,,,,,,,,y,generic,,,,,,,,,,,,,,,,,,,,,
militavit,"emma0001-15, unkn0130-24",milito,VERB,w-militavit,,,,,,,,,,,,y,generic,,,,,,,,,,,,,,,,,,,,,
milliaria,unkn0130-52,milliaria,NOUN,w-milliaria,,,,,,,,,,,,y,unitname,,,,,,,,,,,,,,,,,,,,,
missione,unkn0130-82,missio,NOUN,w-missione,,,,,,,,,,,,y,generic,,,,,,,,,,,,,,,,,,,,,
mitia,haif0020a-7,mitis,ADJ,w-mitia,,,,,,,,,,,,,,,,,,,,,,,,,,,,,,,,,,
Nepos,"ashk0003a-11, cape0001-9, jeru0554-9, tsha0002-9",nepos,PROPN,w-nepos,,,,y,m,other,Nepos,,,,,,,,,,,,,,,,,,,,,,,,,,,
NEPOT,masa0947-1,NEPOT,VERB,w-nepot,,,,,,,,,,,,,,,,,,,,,,,,,,,,,,,,,,
nepoti,"ashk0003a-11, cape0001-9, jeru0554-9, tsha0002-9",nepos,NOUN,w-nepoti,,,,,,,,,,,,,,,,y,grandson,,,,,,,,,,,,,,,,,
Nervae,"cape0001-8, jeru0554-8, tsha0002-8",nerua,PROPN,w-nervae,,,,y,m,other,Nerva,,,,,,,,,,,,,,,,,,,,,,,,,,,
nobilissimi,"caes0014-12, caes0017-12, caes0106-16, yotv0001-12",nobilis,ADJ,w-nobilissimi,,,,,,,,,,,,,,,,,,,,,,,,,,,,,,,,,,
Nobilissimo,kara0001-16,Nobilissimus,PROPN,w-nobilissimo,,,,y,m,other,Nobilissimus,,,,,,,,,,,,,,,,,,,,,,,,,,,
nobilissimo,"caes0014-12, caes0017-12, caes0106-16, yotv0001-12",nobilis,ADJ,w-nobilissimo,,,,,,,,,,,,,,,,,,,,,,,,,,,,,,,,,,
nomina,unkn0130-84,nomen,NOUN,w-nomina,,,,y,,other,generic,,,,,,,,,,,,,,,,,,,,,,,,,,,
Nostius,masa0831-2,Nostius,PROPN,w-nostius,,,,y,,other,Nostius,,,,,,,,,,,,,,,,,,,,,,,,,,,
Nostri,"bshe0006-4, caes0009-7, caes0011-7, caes0106-10, kara0001-10, kara0001-20, maay0001-14, megi0002-11",noster,DET,w-nostri,,,,,,,,,,,,,,,,,,,,,,,,,,,,,,,,,,
nostri,"bshe0006-4, caes0009-7, caes0011-7, caes0106-10, kara0001-10, kara0001-20, maay0001-14, megi0002-11",noster,DET,w-nostri,,,,,,,,,,,,,,,,,,,,,,,,,,,,,,,,,,
nostri.,caes0106-20,nostri.,NUM,w-nostri.,,,,,,,,,,,,,,,,,,,,,,,,,,,,,,,,,,
Nostro,"bshe0006-4, caes0009-7, caes0011-7, caes0106-10, kara0001-10, kara0001-20, maay0001-14, megi0002-11",noster,DET,w-nostro,,,,,,,,,,,,,,,,,,,,,,,,,,,,,,,,,,
nostro,"bshe0006-4, caes0009-7, caes0011-7, caes0106-10, kara0001-10, kara0001-20, maay0001-14, megi0002-11",noster,DET,w-nostro,,,,,,,,,,,,,,,,,,,,,,,,,,,,,,,,,,
novo,tsha0001-10,nouus,ADJ,w-novo,,,,,,,,,,,,,,,,,,,,,,,,,,,,,,,,,,
numini,"bshe0006-21, caes0006-15, caes0014-22, caes0017-22, caes0019-4, caes0029-2",numen,NOUN,w-numini,,y,numen,,,,,,,,,,,,,,,,,,,,,,,,,,,y,numen,,,
ob,maay0001-30,ob,ADP,w-ob,,,,,,,,,,,,,,,,,,,,,,,,,,,,,,,,,,
Octavii,"masa0949-2, masa0950-2",octauius,PROPN,w-octavii,,,,y,m,other,Octavius,,,,,,,,,,,,,,,,,,,,,,,,,,,
oeorum,unkn0130-90,oeor,NOUN,w-oeorum,,,,,,,,,,,,,,,,,,,,,,,,,,,,,,,,,,
offici,caes0682-4,officium,NOUN,w-offici,,,,,,,,,y,other,generic,,,,,,,,,,,,,,,,,,,,,,,
omnia,"caes0683-4, haif0020a-8",omnis,DET,w-omnia,,,,,,,,,,,,,,,,,,,,,,,,,,,,,,,,,,
Oppius,emma0001-2,oppius,PROPN,w-oppius,,,,y,m,other,Oppius,,,,,,,,,,,,,,,,,,,,,,,,,,,
optimae,"caes0018-18, caes0037-2, caes0148-3, caes0682-2, fiqg0002-2",bonus,ADJ,w-optimae,,,,,,,,,,,,,,,,,,,,,,,,,,,,,,,,,,
optimo,"caes0018-18, caes0037-2, caes0148-3, caes0682-2, fiqg0002-2",bonus,X,w-optimo,,,,,,,,,,,,,,,,,,,,,,,,,,,,,,,,,,
optimo,"caes0018-18, caes0037-2, caes0148-3, caes0682-2, fiqg0002-2",bonus,ADJ,w-optimo,,,,,,,,,,,,,,,,,,,,,,,,,,,,,,,,,,
optio,emma0001-11,optium,NOUN,w-optio,,,,,,,,,y,military,optio,y,rank,,,,,,,,,,,,,,,,,,,,,
oratorem,caes0003-11,orator,NOUN,w-oratorem,,,,,,,,,,,,,,,,,,,,,,,,y,orator,,,,,,,,,
orbis,maay0001-2,orbis,NOUN,w-orbis,,,,,,,,,,,,,,,,,,y,generic,,,,,,,,,,,,,,,
Osrhoenae,caes0010-8,Osrhoena,PROPN,w-osrhoenae,,,,,,,,,,,,,,,,,,y,Osroene,https://pleiades.stoa.org/places/1001935,,,,,,,,,,,,,,
ostio,yotv0001-16,ostium,NOUN,w-ostio,,,,,,,,,,,,,,,,,,,,,,,,,,,,,,,,,,
paci,yotv0001-2,pax,NOUN,w-paci,,,,,,,,,,,,,,,,,,,,,,,,,,,,,,,,,,
Palaestinae,"bshe0006-20, caes0009-22, caes0014-20, caes0017-20, caes0022-7, caes0032-3, caes0033-5, caes0036-3",palaestinus,ADJ,w-palaestinae,,,,,,,,,,,,,,,,,,y,Palestine,https://pleiades.stoa.org/places/991396,,,,,,,,,,,,,,
Palaestinae,caes0351-2,Palaestina,PROPN,w-palaestinae,,,,,,,,,,,,,,,,,,y,Palestine,https://pleiades.stoa.org/places/991396,,,,,,,,,,,,,,
Palaestinae,"caes0018-9, caes0020-7, yotv0001-24",Palaestinus,ADJ,w-palaestinae,,,,,,,,,,,,,,,,,,y,Palestine,https://pleiades.stoa.org/places/991396,,,,,,,,,,,,,,
Parthici,"cape0001-5, jeru0554-5, tsha0002-5",parthicus,ADJ,w-parthici,,,,,,,,,,,,,,y,Parthian,,,,,,,,,,,,,,,,,,,
Parthicus,unkn0131-9,Parthicus,ADJ,w-parthicus,,,,,,,,,,,,,,y,Parthian,,,,,,,,,,,,,,,,,,,
passuum,ashk0003a-26,passus,NOUN,w-passuum,,,,,,,,,,,,,,,,,,,,,,,,,,,,,,,,,,
pater,"achz0001-14, caes0027-7, jeru0497-9, jeru0554-20, maay0001-26, tsha0002-22, unkn0130-20, unkn0131-22",pater,NOUN,w-pater,,,,,,,,,,,,,,,,y,father,,,,,,,,,,,,,,,,,
patri,"achz0001-14, caes0027-7, jeru0497-9, jeru0554-20, maay0001-26, tsha0002-22, unkn0130-20, unkn0131-22",pater,NOUN,w-patri,,,,,,,,,,,,,,,,y,father,,,,,,,,,,,,,,,,,
patriae,"achz0001-15, caes0027-8, jeru0497-10, jeru0554-21, maay0001-27, tsha0002-23, unkn0130-21, unkn0131-23",patria,NOUN,w-patriae,,,,,,,,,,,,,,,,,,y,generic,,,,,,,,,,,,,,,
patrono,"caes0010-9, caes0011-8, caes0146-29",patronus,NOUN,w-patrono,,,,,,,,,,,,,,,,y,patron,,,,,,,,,,,,,,,,,
pecunia,"caes0003-15, caes0010-14",pecunia,NOUN,w-pecunia,,,,,,,,,y,government,pecunia,,,,,,,,,,,,,,,,,,,,,,,
pedes,"caes0062-3, caes0062-7",pes,NOUN,w-pedes,,,,,,,,,y,military,pedes,y,rank,,,,,,,,,,,,,,,,,,,,,
pedites,unkn0130-27,pedites,NOUN,w-pedites,,,,,,,,,y,military,pedes,y,rank,,,,,,,,,,,,,,,,,,,,,
per,"caes0051-7, caes0052-7, caes0054-6, yotv0001-18",per,ADP,w-per,,,,,,,,,,,,,,,,,,,,,,,,,,,,,,,,,,
perfectissimo,"caes0006-12, caes0009-19, caes0010-4, caes0014-17, caes0017-17",perfectus,ADJ,w-perfectissimo,,,,,,,,,,,,,,,,,,,,,,,,,,,,,,,,,,
perfectissimus,"caes0006-12, caes0009-19, caes0010-4, caes0014-17, caes0017-17",perfectus,ADJ,w-perfectissimus,,,,,,,,,,,,,,,,,,,,,,,,,,,,,,,,,,
Perpetuae,yotv0001-1,Perpetua,PROPN,w-perpetuae,,,,,,,,,,,,,,,,,,,,,,,,,,,,,,,,,,
perpetuo,"maay0001-16, unkn0130-17",perpetuus,ADJ,w-perpetuo,,,,,,,,,,,,,,,,,,,,,,,,,,,,,,,,,,
perpetuus,"maay0001-16, unkn0130-17",perpetuus,ADJ,w-perpetuus,,,,,,,,,,,,,,,,,,,,,,,,,,,,,,,,,,
Phrygum,tsha0001-4,phrygia,PROPN,w-phrygum,,,,,,,,,,,,y,unitname,y,Phrygia,,,,,,,,,,,,,,,,,,,
pii,"ashk0003a-6, ashk0003a-10, ashk0003a-15, ashk0003b-12, bshe0006-10, caes0006-6, caes0009-12, caes0014-9, caes0017-9, caes0106-7, caes0107-11, caes0146-30, jeru0497-8, kara0001-7, unkn0131-6",pius,ADJ,w-pii,,,,y,m,other,Pius,,,,,,,,,,,,,,,,,,,,,,,,,,,
piis,"ashk0003a-6, ashk0003a-10, ashk0003a-15, ashk0003b-12, bshe0006-10, caes0006-6, caes0009-12, caes0014-9, caes0017-9, caes0106-7, caes0107-11, caes0146-30, jeru0497-8, kara0001-7, unkn0131-6",pius,ADJ,w-piis,,,,y,m,other,Pius,,,,,,,,,,,,,,,,,,,,,,,,,,,
piissimo,"ashk0003a-6, ashk0003a-10, ashk0003a-15, ashk0003b-12, bshe0006-10, caes0006-6, caes0009-12, caes0014-9, caes0017-9, caes0106-7, caes0107-11, caes0146-30, jeru0497-8, kara0001-7, unkn0131-6",pius,ADJ,w-piissimo,,,,y,m,other,Pius,,,,,,,,,,,,,,,,,,,,,,,,,,,
Pilatus,caes0043-4,pilatus,PROPN,w-pilatus,,,,y,m,other,Pilatus,,,,,,,,,,,,,,,,,,,,,,,,,,,
pili,"caes0032-8, caes0145-5, megi0002-29",pilus,NOUN,w-pili,,,,,,,,,y,military,centurion,y,rank,,,,,,,,,,,,,,,,,,,,,
pilo,"caes0032-8, caes0145-5, megi0002-29",pilus,NOUN,w-pilo,,,,,,,,,y,military,centurion,y,rank,,,,,,,,,,,,,,,,,,,,,
pilus,"caes0032-8, caes0145-5, megi0002-29",pilus,NOUN,w-pilus,,,,,,,,,y,military,centurion,y,rank,,,,,,,,,,,,,,,,,,,,,
Pio,"ashk0003a-6, ashk0003a-10, ashk0003a-15, ashk0003b-12, bshe0006-10, caes0006-6, caes0009-12, caes0014-9, caes0017-9, caes0106-7, caes0107-11, caes0146-30, jeru0497-8, kara0001-7, unkn0131-6",pius,PROPN,w-pio,,,,y,m,other,Pius,,,,,,,,,,,,,,,,,,,,,,,,,,,
pio,"ashk0003a-6, ashk0003a-10, ashk0003a-15, ashk0003b-12, bshe0006-10, caes0006-6, caes0009-12, caes0014-9, caes0017-9, caes0106-7, caes0107-11, caes0146-30, jeru0497-8, kara0001-7, unkn0131-6",pius,ADJ,w-pio,,,,y,m,other,Pius,,,,,,,,,,,,,,,,,,,,,,,,,,,
pius,"ashk0003a-6, ashk0003a-10, ashk0003a-15, ashk0003b-12, bshe0006-10, caes0006-6, caes0009-12, caes0014-9, caes0017-9, caes0106-7, caes0107-11, caes0146-30, jeru0497-8, kara0001-7, unkn0131-6",pius,ADJ,w-pius,,,,y,m,other,Pius,,,,,,,,,,,,,,,,,,,,,,,,,,,
Pomponio,"tsha0001-5, unkn0130-72",pomponius,PROPN,w-pomponio,,,,y,m,other,Pomponius,,,,,,,,,,,,,,,,,,,,,,,,,,,
Pomponius,"tsha0001-5, unkn0130-72",pomponius,PROPN,w-pomponius,,,,y,m,other,Pomponius,,,,,,,,,,,,,,,,,,,,,,,,,,,
pontes,"ashk0003a-23, unkn0131-27",pons,NOUN,w-pontes,,,,,,,,,,,,,,,,,,,,,,,,,,,,y,travel,,,,,
pontifex,"achz0001-8, caes0003-4, caes0027-5, caes0107-14, jeru0497-11, jeru0554-13, maay0001-24, tsha0002-13, unkn0130-9, unkn0131-13",pontifex,NOUN,w-pontifex,,,,,,,,,,,,,,,,,,,,,,,,y,priest,,,,,,,,,
pontificem,"achz0001-8, caes0003-4, caes0027-5, caes0107-14, jeru0497-11, jeru0554-13, maay0001-24, tsha0002-13, unkn0130-9, unkn0131-13",pontifex,NOUN,w-pontificem,,,,,,,,,,,,,,,,,,,,,,,,y,priest,,,,,,,,,
pontifici,"achz0001-8, caes0003-4, caes0027-5, caes0107-14, jeru0497-11, jeru0554-13, maay0001-24, tsha0002-13, unkn0130-9, unkn0131-13",pontifex,NOUN,w-pontifici,,,,,,,,,,,,,,,,,,,,,,,,y,priest,,,,,,,,,
Pontius,caes0043-3,pontius,PROPN,w-pontius,,,,y,m,other,Pontius,,,,,,,,,,,,,,,,,,,,,,,,,,,
posterisque,unkn0130-89,posterus,ADJ,w-posterisque,,,,,,,,,,,,,,,,,,,,,,,,,,,,,,,,,,
posuit,nabl0001-25,pono,VERB,w-posuit,,,,,,,,,,,,,,,,,,,,,,,,,,,,,,,,,,
Potentis,caes0146-4,Potens,ADJ,w-potentis,,,,y,m,other,Potens,,,,,,,,,,,,,,,,,,,,,,,,,,,
potestate,"achz0001-11, ashk0003a-20, caes0027-15, caes0107-16, jeru0554-16, tsha0002-16, unkn0130-12, unkn0131-16",potestas,NOUN,w-potestate,,,,,,,,,y,government,potentate,,,,,,,,,,,,,,,,,,,,,,,
potestatis,"achz0001-11, ashk0003a-20, caes0027-15, caes0107-16, jeru0554-16, tsha0002-16, unkn0130-12, unkn0131-16",potestas,NOUN,w-potestatis,,,,,,,,,y,government,potentate,,,,,,,,,,,,,,,,,,,,,,,
praefecti,"caes0010-5, caes0022-8, caes0043-5, caes0146-5, tsha0001-7",praefectus,NOUN,w-praefecti,,,,,,,,,y,government,prefect,,,,,,,,,,,,,,,,,,,,,,,
praefecto,"caes0010-5, caes0022-8, caes0043-5, caes0146-5, tsha0001-7",praefectus,NOUN,w-praefecto,,,,,,,,,y,government,prefect,,,,,,,,,,,,,,,,,,,,,,,
Praefectus,jeru0491-12,Praefectus,ADJ,w-praefectus,,,,,,,,,y,government,prefect,,,,,,,,,,,,,,,,,,,,,,,
praefectus,"caes0010-5, caes0022-8, caes0043-5, caes0146-5, tsha0001-7",praefectus,NOUN,w-praefectus,,,,,,,,,y,government,prefect,,,,,,,,,,,,,,,,,,,,,,,
praesentissimum,megi0002-17,praesens,ADJ,w-praesentissimum,,,,,,,,,,,,,,,,,,,,,,,,,,,,,,,,,,
praeses,"bshe0006-17, caes0009-20, caes0014-18, caes0017-18, yotv0001-21",praeses,NOUN,w-praeses,,,,,,,,,y,government,governor,,,,,,,,,,,,,,,,,,,,,,,
praesidis,"bshe0006-17, caes0009-20, caes0014-18, caes0017-18, yotv0001-21",praeses,NOUN,w-praesidis,,,,,,,,,y,government,governor,,,,,,,,,,,,,,,,,,,,,,,
praetore,"achz0001-24, caes0018-7, caes0020-4, caes0022-5, caes0031-5, caes0034-6, jeru0494-17",praetor,NOUN,w-praetore,,,,,,,,,y,government,praetor,,,,,,,,,,,,,,,,,,,,,,,
Praetorio,jeru0491-13,Praetorius,PROPN,w-praetorio,,,,,,,,,y,government,praetor,,,,,,,,,,,,,,,,,,,,,,,
Primae,caes0044-2,Prima,NOUN,w-primae,,,,,,,,,,,,y,unitname,,,,,,,,,,,,,,,,,,,,,
primi,"caes0032-7, caes0145-4, megi0002-28",primus,ADJ,w-primi,,,,,,,,,,,,,,,,,,,,,,,,,,,,,,,,,,
primo,"caes0032-7, caes0145-4, megi0002-28",primus,ADJ,w-primo,,,,,,,,,,,,,,,,,,,,,,,,,,,,,,,,,,
primus,"caes0032-7, caes0145-4, megi0002-28",primus,ADJ,w-primus,,,,,,,,,,,,,,,,,,,,,,,,,,,,,,,,,,
principi,"caes0014-5, caes0017-5",principium,NOUN,w-principi,,,,,,,,,y,government,princeps,,,,,,,,,,,,,,,,,,,,,,,
principi,caes0009-5,princeps,NOUN,w-principi,,,,,,,,,y,government,princeps,,,,,,,,,,,,,,,,,,,,,,,
Prisci,"caes0014-15, caes0017-15, yotv0001-20",priscus,PROPN,w-prisci,,,,y,m,other,Priscus,,,,,,,,,,,,,,,,,,,,,,,,,,,
Priscus,"caes0014-15, caes0017-15, yotv0001-20",priscus,PROPN,w-priscus,,,,y,m,other,Priscus,,,,,,,,,,,,,,,,,,,,,,,,,,,
Pro,"achz0001-23, caes0018-6, caes0020-3, caes0022-4, caes0031-4, caes0031-13, caes0034-5, caes0122-5, jeru0494-16, jeru0495-1, megi0002-6",pro,ADP,w-pro,,,,,,,,,,,,,,,,,,,,,,,,,,,,,,,,,,
pro,"achz0001-23, caes0018-6, caes0020-3, caes0022-4, caes0031-4, caes0031-13, caes0034-5, caes0122-5, jeru0494-16, jeru0495-1, megi0002-6",pro,ADP,w-pro,,,,,,,,,,,,,,,,,,,,,,,,,,,,,,,,,,
proconsul,unkn0131-24,proconsul,NOUN,w-proconsul,,,,,,,,,y,government,proconsul,y,rank,,,,,,,,,,,,,,,,,,,,,
proconsule.,caes0107-18,proconsule,NOUN,w-proconsule.,,,,,,,,,y,government,proconsul,y,rank,,,,,,,,,,,,,,,,,,,,,
Procula.,caes0032-10,Procula.,NUM,w-procula.,,,,y,f,other,Procula,,,,,,,,,,,,,,,,,,,,,,,,,,,
procurator,"caes0006-13, caes0007-4, caes0011-5, caes0146-17",procurator,NOUN,w-procurator,,,,,,,,,y,government,procurator,,,,,,,,,,,,,,,,,,,,,,,
procuratori,"caes0006-13, caes0007-4, caes0011-5, caes0146-17",procurator,NOUN,w-procuratori,,,,,,,,,y,government,procurator,,,,,,,,,,,,,,,,,,,,,,,
Protianus,caes0146-12,Protianus,PROPN,w-protianus,,,,y,m,other,Protianus,,,,,,,,,,,,,,,,,,,,,,,,,,,
providentiam,yotv0001-19,prouidentia,NOUN,w-providentiam,,y,Providence,,,,,,,,,,,,,,,,,,,,,,,,,,,,,,,
providentissimo,"bshe0006-2, caes0009-3",providentus,ADJ,w-providentissimo,,y,Providence,,,,,,,,,,,,,,,,,,,,,,,,,,,,,,,
provinciae,"bshe0006-18, caes0009-21, caes0014-19, caes0017-19, caes0020-5, caes0032-1, caes0033-3, yotv0001-22",prouincia,NOUN,w-provinciae,,,,,,,,,,,,,,,,,,y,generic,,,,,,,,,,,,,,,
publica,"caes0010-15, maay0001-9",publicus,ADJ,w-publica,,,,,,,,,,,,,,,,,,,,,,,,,,,,,,,,,,
publica.,caes0003-16,publica,NOUN,w-publica.,,,,,,,,,,,,,,,,,,,,,,,,,,,,,,,,,,
publicae,"caes0010-15, maay0001-9",publicus,ADJ,w-publicae,,,,,,,,,,,,,,,,,,,,,,,,,,,,,,,,,,
Publius,emma0001-1,publius,PROPN,w-publius,,,,y,m,other,Publius,,,,,,,,,,,,,,,,,,,,,,,,,,,
quae,"unkn0130-23, unkn0130-34, unkn0130-74, unkn0130-83",qui,PRON,w-quae,,,,,,,,,,,,,,,,,,,,,,,,,,,,,,,,,,
que,caes0019-6,que,CCONJ,w-que,,,,,,,,,,,,,,,,,,,,,,,,,,,,,,,,,,
qui,"unkn0130-23, unkn0130-34, unkn0130-74, unkn0130-83",qui,PRON,w-qui,,,,,,,,,,,,,,,,,,,,,,,,,,,,,,,,,,
quina,unkn0130-75,quinus,ADJ,w-quina,,,,,,,,,,,,,,,,,,,,,,,,,,,,,,,,,,
Quirina,caes0018-12,quirinus,ADJ,w-quirina,,,,,,,,,,,,,,y,tribe,,,,,,,,,,,,,,,,,,,
quorum,"unkn0130-23, unkn0130-34, unkn0130-74, unkn0130-83",qui,PRON,w-quorum,,,,,,,,,,,,,,,,,,,,,,,,,,,,,,,,,,
Ravenna,emma0001-6,Ravena,PROPN,w-ravenna,,,,,,,,,,,,,,,,,,y,Ravenna,https://pleiades.stoa.org/places/393480,,,,,,,,,,,,,,
recreatori,maay0001-10,recreator,NOUN,w-recreatori,,,,,,,,,,,,,,,,,,,,,,,,,,,,,,,,,,
refecit,tsha0001-11,reficio,VERB,w-refecit,,,,,,,,,,,,,,,,,,,,,,,,,,,,,,,,,,
rei,maay0001-8,res,NOUN,w-rei,,,,,,,,,,,,,,,,,,,,,,,,,,,,,,,,,,
restauratori,maay0001-5,restauratus,NOUN,w-restauratori,,,,,,,,,,,,,,,,,,,,,,,,,,,,,,,,,,
restituit,ashk0003a-24,restituo,VERB,w-restituit,,,,,,,,,,,,,,,,,,,,,,,,,,,,,,,,,,
retituit,unkn0131-28,retituo,VERB,w-retituit,,,,,,,,,,,,,,,,,,,,,,,,,,,,,,,,,,
Rhodope,caes0160-3,rhodope,PROPN,w-rhodope,,,,y,f,other,Rhodope,,,,,,,,,,,,,,,,,,,,,,,,,,,
Romani,"caes0010-20, caes0107-9, maay0001-1",romanus,PROPN,w-romani,,,,,,,,,,,,,,y,Roman,,,,,,,,,,,,,,,,,,,
Romano,"caes0010-20, caes0107-9, maay0001-1",romanus,ADJ,w-romano,,,,,,,,,,,,,,y,Roman,,,,,,,,,,,,,,,,,,,
Romano,"caes0010-20, caes0107-9, maay0001-1",romanus,PROPN,w-romano,,,,,,,,,,,,,,y,Roman,,,,,,,,,,,,,,,,,,,
Rufo,achz0001-20,rufus,PROPN,w-rufo,,,,y,m,other,Rufus,,,,,,,,,,,,,,,,,,,,,,,,,,,
sagittariorum,unkn0130-53,sagittarius,NOUN,w-sagittariorum,,y,Sagittarius,,,,,,,,,y,unitname,,,,,,,,,,,,,,,,,,,,,
salute,"bani0003-1, jeru0495-2, megi0002-7",salus,NOUN,w-salute,,,,,,,,,,,,,,,,,,,,,,,,,,,,,,,,,,
Salutem,"bani0003-1, jeru0495-2, megi0002-7",salus,PROPN,w-salutem,,,,,,,,,,,,,,,,,,,,,,,,,,,,,,,,,,
Sanctianus,tsha0001-6,Sanctianus,PROPN,w-sanctianus,,,,y,m,other,Sanctianus,,,,,,,,,,,,,,,,,,,,,,,,,,,
Sancto,caes0683-1,sanctus,ADJ,w-sancto,,,,,,,,,,,,,,,,,,,,,,,,,,,,,,y,holy,,,
Sarapidem,megi0002-20,Sarapis,PROPN,w-sarapidem,,y,Sarapis,,,,,,,,,,,,,,,,,,,,,,,,,,,,,,,
Sarmatico,maay0001-22,Sarmaticus,PROPN,w-sarmatico,,,,,,,,,,,,,,y,Sarmatian,,,,,,,,,,,,,,,,,,,
secundi,caes0146-27,secundus,ADJ,w-secundi,,,,,,,,,,,,,,,,y,heir,,,,,,,,,,,,,,,,,
semper,"bshe0006-12, bshe0006-24",semper,ADV,w-semper,,,,,,,,,,,,,,,,,,,,,,,,,,,,,,,,,,
Semproniano,caes0107-8,Sempronianum,PROPN,w-semproniano,,,,y,m,other,Sempronianum,,,,,,,,,,,,,,,,,,,,,,,,,,,
septem,unkn0130-33,septem,NUM,w-septem,,,,,,,,,,,,,,,,,,,,,,,,,,,,,,,,,,
Servus,masa0834-1,seruus,NOUN,w-servus,,,,,,,,,,,,,,,,y,slave,,,,,,,,,,,,,,,,,
Severi,ashk0003a-9,seuerus,PROPN,w-severi,,,,,,,,,,,,,,,,y,slave,,,,,,,,,,,,,,,,,
sevir,caes0122-2,seuir,NOUN,w-sevir,,,,,,,,,y,government,sexvir,,,,,,,,,,,,,,,,,,,,,,,
Sexto,"caes0022-1, jeru0494-11, mare0401-1, mare0402-1, mare0403-1",sextus,PROPN,w-sexto,,,,y,m,other,Sextus,,,,,,,,,,,,,,,,,,,,,,,,,,,
Sextus,"caes0022-1, jeru0494-11, mare0401-1, mare0402-1, mare0403-1",sextus,PROPN,w-sextus,,,,y,m,other,Sextus,,,,,,,,,,,,,,,,,,,,,,,,,,,
singularibus,caes0031-14,singularis,ADJ,w-singularibus,,,,,,,,,,,,,,,,,,,,,,,,,,,,,,,,,,
situs,emma0001-19,situs,NOUN,w-situs,,,,,,,,,,,,,,,,,,,,,,,,,,,,,,,,,,
Spes,"caes0682-1, fiqg0002-1",spes,PROPN,w-spes,,,,,,,,,,,,,,,,,,,,,,,,,,,,,,,,,,
stipendia,"nabl0001-14, unkn0130-78",stipendium,NOUN,w-stipendia,,,,,,,,,,,,,,,,,,,,,,,,,,,,y,financial,,,,,
stipendiorum,"nabl0001-14, unkn0130-78",stipendium,NOUN,w-stipendiorum,,,,,,,,,,,,,,,,,,,,,,,,,,,,y,financial,,,,,
Stobis,nabl0001-9,Stos,PRON,w-stobis,,,,y,m,other,Stobis,,,,,,,,,,,,,,,,,,,,,,,,,,,
strator,caes0007-9,strator,NOUN,w-strator,,,,,,,,,y,military,strator,y,rank,,,,,,,,,,,,,,,,,,,,,
sua,"caes0037-5, caes0037-7",suus,DET,w-sua,,,,,,,,,,,,,,,,,,,,,,,,,,,,,,,,,,
sub,unkn0130-70,sub,ADP,w-sub,,,,,,,,,,,,,,,,,,,,,,,,,,,,,,,,,,
subscripta,unkn0130-85,subscribo,VERB,w-subscripta,,,,,,,,,,,,,,,,,,,,,,,,,,,,,,,,,,
sunt,"unkn0130-67, unkn0130-86",sum,VERB,w-sunt,,,,,,,,,,,,,,,,,,,,,,,,,,,,,,,,,,
suo,"caes0037-5, caes0037-7",suus,DET,w-suo,,,,,,,,,,,,,,,,,,,,,,,,,,,,,,,,,,
suo,caes0002-11,suo,NOUN,w-suo.,,,,,,,,,,,,,,,,,,,,,,,,,,,,,,,,,,
Suri,masa0948-3,syrii,PROPN,w-suri,,,,,,,,,,,,,,,,,,y,Syria,https://pleiades.stoa.org/places/991407,,,,,,,,,,,,,,
Suriae,"bshe0006-19, caes0018-8, caes0020-6, caes0022-6, caes0032-2, caes0033-4, caes0036-2, caes0351-1, yotv0001-23",syria,PROPN,w-suriae,,,,,,,,,,,,,,,,,,y,Syria,https://pleiades.stoa.org/places/991407,,,,,,,,,,,,,,
Symphorus,caes0146-24,Symphorus,PROPN,w-symphorus,,,,y,m,other,Symphorus,,,,,,,,,,,,,,,,,,,,,,,,,,,
Syriae,"bshe0006-19, caes0018-8, caes0020-6, caes0022-6, caes0032-2, caes0033-4, caes0036-2, caes0351-1, yotv0001-23",syria,PROPN,w-syriae,,,,,,,,,,,,,,,,,,y,Syria,https://pleiades.stoa.org/places/991407,,,,,,,,,,,,,,
templorum,"jeru0495-4, maay0001-4",templum,NOUN,w-templorum,,,,,,,,,,,,,,,,,,,,,,,,,,,,y,building,y,temple,,,
templum,"jeru0495-4, maay0001-4",templum,NOUN,w-templum,,,,,,,,,,,,,,,,,,,,,,,,,,,,y,building,y,temple,,,
testamento,caes0044-7,testamentum,NOUN,w-testamento,,,,,,,,,,,,,,,,,,,,,,,,,,,,y,financial,,,,,
Theodoru,caes0517-1,Theodorus,PROPN,w-theodoru,,,,y,m,other,Christian,,,,,,,,,,,,,,,,,,,,,,,,,,,
Theophilo,caes0010-18,theophilus,PROPN,w-theophilo,,,,y,m,other,Christian,,,,,,,,,,,,,,,,,,,,,,,,,,,
Thraciae,caes0035-1,Thracia,PROPN,w-thraciae,,,,,,,,,,,,y,unitname,y,Thracia,,,,,,,,,,,,,,,,,,,
Thracum,"unkn0130-37, unkn0130-58",thraces,PROPN,w-thracum,,,,,,,,,,,,y,unitname,y,Thracia,,,,,,,,,,,,,,,,,,,
Tiberianus,caes0148-5,Tiberianus,PROPN,w-tiberianus,,,,y,m,other,Tiberius,,,,,,,,,,,,,,,,,,,,,,,,,,,
Tiberieum,caes0043-2,Tiberieus,PROPN,w-tiberieum,,,,,,,,,,,,,,,,,,y,building,,,,,,,,,,,y,Tibereium,,,
Tiberio,"caes0021-1, caes0145-1",tiberius,PROPN,w-tiberio,,,,y,m,other,Tiberius,,,,,,,,,,,,,,,,,,,,,,,,,,,
Timesitheo,caes0007-3,Timesitheus,PROPN,w-timesitheo,,,,y,m,other,Timesthius,,,,,,,,,,,,,,,,,,,,,,,,,,,
Titiae,caes0161-1,Titiae,PROPN,w-titiae,,,,y,m,other,Titus,,,,,,,,,,,,,,,,,,,,,,,,,,,
Titiano,caes0018-3,titianus,PROPN,w-titiano,,,,y,m,other,Titianus,,,,,,,,,,,,,,,,,,,,,,,,,,,
Tito,"achz0001-18, caes0002-1, jeru0491-6, jeru0494-6, jeru0497-3, unkn0130-71",titus,PROPN,w-tito,,,,y,m,other,Titus,,,,,,,,,,,,,,,,,,,,,,,,,,,
Titus,"achz0001-18, caes0002-1, jeru0491-6, jeru0494-6, jeru0497-3, unkn0130-71",titus,PROPN,w-titus,,,,y,m,other,Titus,,,,,,,,,,,,,,,,,,,,,,,,,,,
Traianae,"caes0047-9, cape0001-4, jeru0554-4, tsha0002-4",Traianus,ADJ,w-traianae,,,,y,m,other,Traianus,,,,,,,,,,,,,,,,,,,,,,,,,,,
Traiani,"caes0047-9, cape0001-4, jeru0554-4, tsha0002-4",Traianus,PROPN,w-traiani,,,,y,m,other,Traianus,,,,,,,,,,,,,,,,,,,,,,,,,,,
Traiano,"caes0045-2, caes0047-3, caes0049-3, caes0053-2, jeru0554-10, tsha0002-10",Traianum,PROPN,w-traiano,,,,y,m,other,Traianus,,,,,,,,,,,,,,,,,,,,,,,,,,,
Traianus,"caes0051-3, caes0052-3, caes0054-3, cape0001-10",traianus,PROPN,w-traianus,,,,y,m,other,Traianus,,,,,,,,,,,,,,,,,,,,,,,,,,,
tranquillitati,caes0009-23,tranquillitas,NOUN,w-tranquillitati,,,,,,,,,,,,,,,,,,,,,,,,,,,,,,,,,,
tribunicia,"achz0001-10, ashk0003a-19, caes0027-14, caes0107-15, jeru0554-15, tsha0002-15, unkn0130-11, unkn0131-15",tribunicius,ADJ,w-tribunicia,,,,,,,,,y,"government, military",tribune,y,rank,,,,,,,,,,,,,,,,,,,,,
tribuniciae,"achz0001-10, ashk0003a-19, caes0027-14, caes0107-15, jeru0554-15, tsha0002-15, unkn0130-11, unkn0131-15",tribunicius,ADJ,w-tribuniciae,,,,,,,,,y,"government, military",tribune,y,rank,,,,,,,,,,,,,,,,,,,,,
tudo,caes0062-6,tudo,NOUN,w-tudo,,,,,,,,,,,,,,,,,,,,,,,,,,,,,,,,,,
uxori,caes0161-4,uxor,NOUN,w-uxori,,,,,,,,,,,,,,,,y,wife,,,,,,,,,,,,,,,,,
Valens,nabl0001-21,ualens,PROPN,w-valens,,,,y,m,other,Valens,,,,,,,,,,,,,,,,,,,,,,,,,,,
Valentinae,caes0148-1,ualentina,PROPN,w-valentinae,,,,y,f,other,Valentia,,,,,,,,,,,,,,,,,,,,,,,,,,,
Valeriano,caes0009-10,Valerianus,PROPN,w-valeriano,,,,y,m,other,Valerianus,,,,,,,,,,,,,,,,,,,,,,,,,,,
Valerio,"ashk0003b-5, ashk0003b-10, bshe0006-8, bshe0006-15, caes0006-4, caes0010-1, caes0014-7, caes0017-7, nabl0001-4, nabl0001-20",ualerius,PROPN,w-valerio,,,,y,m,other,Valerius,,,,,,,,,,,,,,,,,,,,,,,,,,,
Valerius,"ashk0003b-5, ashk0003b-10, bshe0006-8, bshe0006-15, caes0006-4, caes0010-1, caes0014-7, caes0017-7, nabl0001-4, nabl0001-20",ualerius,PROPN,w-valerius,,,,y,m,other,Valerius,,,,,,,,,,,,,,,,,,,,,,,,,,,
vere,megi0002-3,uere,ADV,w-vere,,,,,,,,,,,,,,,,,,,,,,,,,,,,,,,,,,
Vero,"caes0106-5, caes0106-14, kara0001-5, kara0001-14",uero,ADV,w-vero,,,,y,m,other,Verius,,,,,,,,,,,,,,,,,,,,,,,,,,,
Vespasiani,"achz0001-4, caes0027-3, jeru0491-3, jeru0491-8, jeru0494-3, jeru0494-8, unkn0130-4",uespasianus,PROPN,w-vespasiani,,,,y,m,other,Vespasianus,,,,,,,,,,,,,,,,,,,,,,,,,,,
Vespasiano,"achz0001-4, caes0027-3, jeru0491-3, jeru0491-8, jeru0494-3, jeru0494-8, unkn0130-4",uespasianus,PROPN,w-vespasiano,,,,y,m,other,Vespasianus,,,,,,,,,,,,,,,,,,,,,,,,,,,
Vespasianus,"achz0001-4, caes0027-3, jeru0491-3, jeru0491-8, jeru0494-3, jeru0494-8, unkn0130-4",uespasianus,PROPN,w-vespasianus,,,,y,m,other,Vespasianus,,,,,,,,,,,,,,,,,,,,,,,,,,,
veterana,unkn0130-40,ueteranus,ADJ,w-veterana,,,,,,,,,,,,y,veteran,,,,,,,,,,,,,,,,,,,,,
vexillatio,"caes0045-5, caes0047-6, caes0049-6, caes0051-8, caes0052-8, caes0053-5, caes0054-7",vexillatio,NOUN,w-vexillatio,,,,,,,,,,,,y,vexillation,,,,,,,,,,,,,,,,,,,,,
Vexillatio,"caes0046-1, caes0048-1, gado0001-1",Vexillatio,NOUN,w-vexillatio,,,,,,,,,,,,y,vexillation,,,,,,,,,,,,,,,,,,,,,
vexillationem,"caes0045-5, caes0047-6, caes0049-6, caes0051-8, caes0052-8, caes0053-5, caes0054-7",vexillatio,NOUN,w-vexillationem,,,,,,,,,,,,y,vexillation,,,,,,,,,,,,,,,,,,,,,
viae,"ashk0003a-21, caes0035-9, unkn0131-25",uia,NOUN,w-viae,,,,,,,,,,,,,,,,,,,,,,,,,,,,y,travel,,,,,
vias,"ashk0003a-21, caes0035-9, unkn0131-25",uia,NOUN,w-vias,,,,,,,,,,,,,,,,,,,,,,,,,,,,y,travel,,,,,
vicena,unkn0130-77,uicenus,ADJ,w-vicena,,,,,,,,,,,,,,,,,,,,,,,,,,,,,,,,,,
Victorinus.,caes0020-10,Victorinus,NOUN,w-victorinus.,,,,y,m,other,Victorinus,,,,,,,,,,,,,,,,,,,,,,,,,,,
victoriosissimoque,caes0009-4,victoriosissimum,NOUN,w-victoriosissimoque,,,,,,,,,,,,,,,,,,,,,,,,,,,,,,,,,,
vir,"caes0006-11, caes0009-18, caes0010-3, caes0011-3, caes0014-16, caes0017-16, caes0037-3",uir,NOUN,w-vir,,,,,,,,,,,,,,,,,,,,,,,,,,,,,,,,,,
viro,"caes0006-11, caes0009-18, caes0010-3, caes0011-3, caes0014-16, caes0017-16, caes0037-3",uir,NOUN,w-viro,,,,,,,,,,,,,,,,,,,,,,,,,,,,,,,,,,
vixit,nabl0001-16,uigesco,VERB,w-vixit,,,,,,,,,,,,,,,,,,,,,,,,,,,,,,,,,,
vixit,"emma0001-12, nabl0002-7",uiuo,VERB,w-vixit,,,,,,,,,,,,,,,,,,,,,,,,,,,,,,y,offering,,,
vota,maay0001-33,uotum,NOUN,w-vota,,,,,,,,,,,,,,,,,,,,,,,,,,,,,,y,offering,,,
votum,haif0020a-2,votus,ADJ,w-votum,,,,,,,,,,,,,,,,,,,,,,,,,,,,,,,,,,